	item	RT	ACC	literate	number	list	pp	subject
1	A11.jpg	18.2445677	0.0	low	1	a	low_1	01
2	B12.jpg	56.64332823	0.0	low	1	a	low_1	01
3	C4.jpg	18.87746856	0.0	low	1	a	low_1	01
4	C12.jpg	11.29259001	0.0	low	1	a	low_1	01
5	D7.jpg	19.14515129	0.0	low	1	a	low_1	01
6	D12.jpg	18.84955175	0.0	low	1	a	low_1	01
7	E1.jpg	13.71406319	1.0	low	1	a	low_1	01
8	E5.jpg	11.14213771	0.0	low	1	a	low_1	01
9	E7.jpg	23.26414642	1.0	low	1	a	low_1	01
1	A10.jpg	11.802328936204505	0.0	low	1	b	low_1	01
2	B4.jpg	13.237852649015622	1.0	low	1	b	low_1	01
3	B9.jpg	12.306180915802546	1.0	low	1	b	low_1	01
4	C6.jpg	16.541160991351713	0.0	low	1	b	low_1	01
5	C10.jpg	9.062124415781	0.0	low	1	b	low_1	01
6	D8.jpg	10.56436039552318	0.0	low	1	b	low_1	01
7	E2.jpg	10.262567964788103	1.0	low	1	b	low_1	01
8	E4.jpg	3.3928751749517687	0.0	low	1	b	low_1	01
9	E9.jpg	6.923277691827026	0.0	low	1	b	low_1	01
1	A11.jpg	45.84593742984725	1.0	y	2	a	y_2	02
2	B12.jpg	21.987505176629387	1.0	y	2	a	y_2	02
3	C4.jpg	40.56423883083971	1.0	y	2	a	y_2	02
4	C12.jpg	26.044149456483865	0.0	y	2	a	y_2	02
5	D7.jpg	21.08906355482759	1.0	y	2	a	y_2	02
6	D12.jpg	30.548314262536227	0.0	y	2	a	y_2	02
7	E1.jpg	10.542597075477717	1.0	y	2	a	y_2	02
8	E5.jpg	21.00567463941934	0.0	y	2	a	y_2	02
9	E7.jpg	19.294871348095512	1.0	y	2	a	y_2	02
1	A10.jpg	32.173050163260996	0.0	y	2	b	y_2	02
2	B4.jpg	7.307526636847798	1.0	y	2	b	y_2	02
3	B9.jpg	10.48818107626903	1.0	y	2	b	y_2	02
4	C6.jpg	16.739244564641012	1.0	y	2	b	y_2	02
5	C10.jpg	28.154253831921782	0.0	y	2	b	y_2	02
6	D8.jpg	17.896967447409228	1.0	y	2	b	y_2	02
7	E2.jpg	31.444816522423025	1.0	y	2	b	y_2	02
8	E4.jpg	14.500529211588399	1.0	y	2	b	y_2	02
9	E9.jpg	28.848571736534723	0.0	y	2	b	y_2	02
1	A11.jpg	30.964056159642496	1.0	y	3	a	y_3	03
2	B12.jpg	16.115595046969247	0.0	y	3	a	y_3	03
3	C4.jpg	12.63285115376857	0.0	y	3	a	y_3	03
4	C12.jpg	46.520663970091846	0.0	y	3	a	y_3	03
5	D7.jpg	36.627984514281714	0.0	y	3	a	y_3	03
6	D12.jpg	27.736859060340066	0.0	y	3	a	y_3	03
7	E1.jpg	20.959339855144208	0.0	y	3	a	y_3	03
8	E5.jpg	37.61252472828346	0.0	y	3	a	y_3	03
9	E7.jpg	35.42348192049758	0.0	y	3	a	y_3	03
1	A10.jpg	14.34123206617005	1.0	y	3	b	y_3	03
2	B4.jpg	9.304767928966612	1.0	y	3	b	y_3	03
3	B9.jpg	13.79073247584165	1.0	y	3	b	y_3	03
4	C6.jpg	10.019407801697524	1.0	y	3	b	y_3	03
5	C10.jpg	22.032567178670433	1.0	y	3	b	y_3	03
6	D8.jpg	25.914637279351158	1.0	y	3	b	y_3	03
7	E2.jpg	31.62430961390419	1.0	y	3	b	y_3	03
8	E4.jpg	22.196230117082447	1.0	y	3	b	y_3	03
9	E9.jpg	15.1323369351594	1.0	y	3	b	y_3	03
1	A11.jpg	47.47939117880287	1.0	y	4	a	y_4	04
2	B12.jpg	17.9293693176769	0.0	y	4	a	y_4	04
3	C4.jpg	15.994744010072283	0.0	y	4	a	y_4	04
4	C12.jpg	16.043726707973292	0.0	y	4	a	y_4	04
5	D7.jpg	31.82162537365457	0.0	y	4	a	y_4	04
6	D12.jpg	30.695337765529985	0.0	y	4	a	y_4	04
7	E1.jpg	18.858827781742548	1.0	y	4	a	y_4	04
8	E5.jpg	33.78110307307816	0.0	y	4	a	y_4	04
9	E7.jpg	37.68617959512176	0.0	y	4	a	y_4	04
1	A10.jpg	13.066805897114135	1.0	y	4	b	y_4	04
2	B4.jpg	4.1047348482543375	1.0	y	4	b	y_4	04
3	B9.jpg	6.4108829909091565	1.0	y	4	b	y_4	04
4	C6.jpg	10.049810138456449	1.0	y	4	b	y_4	04
5	C10.jpg	19.300450472900593	0.0	y	4	b	y_4	04
6	D8.jpg	15.88580590967558	1.0	y	4	b	y_4	04
7	E2.jpg	23.177315405184345	0.0	y	4	b	y_4	04
8	E4.jpg	26.12595168833195	0.0	y	4	b	y_4	04
9	E9.jpg	16.013254446885185	0.0	y	4	b	y_4	04
1	A11.jpg	69.89894365583677	0.0	n	5	a	n_5	05
2	B12.jpg	64.94641248600601	0.0	n	5	a	n_5	05
3	C4.jpg	23.810205316283827	0.0	n	5	a	n_5	05
4	C12.jpg	72.20936758337484	0.0	n	5	a	n_5	05
5	D7.jpg	0.4354796946827264	0.0	n	5	a	n_5	05
6	D12.jpg	49.820819004067744	0.0	n	5	a	n_5	05
7	E1.jpg	22.46633406960245	0.0	n	5	a	n_5	05
8	E5.jpg	16.189121628493012	0.0	n	5	a	n_5	05
9	E7.jpg	18.003456853759417	1.0	n	5	a	n_5	05
1	A10.jpg	16.870482861402706	0.0	n	5	b	n_5	05
2	B4.jpg	13.287622713040035	0.0	n	5	b	n_5	05
3	B9.jpg	21.405017158653212	0.0	n	5	b	n_5	05
4	C6.jpg	10.573645653646963	0.0	n	5	b	n_5	05
5	C10.jpg	9.918795340559884	0.0	n	5	b	n_5	05
6	D8.jpg	14.39975590098402	0.0	n	5	b	n_5	05
7	E2.jpg	10.312832906038238	0.0	n	5	b	n_5	05
8	E4.jpg	16.667533412673947	0.0	n	5	b	n_5	05
9	E9.jpg	4.600838948543243	0.0	n	5	b	n_5	05
1	A11.jpg	29.718226509961823	0.0	y	1	a	y_1	06
2	B12.jpg	24.427188132649466	1.0	y	1	a	y_1	06
3	C4.jpg	23.63844450063334	1.0	y	1	a	y_1	06
4	C12.jpg	24.81970223015378	0.0	y	1	a	y_1	06
5	D7.jpg	95.1590380466587	0.0	y	1	a	y_1	06
6	D12.jpg	74.90442424301	0.0	y	1	a	y_1	06
7	E1.jpg	14.111926678371676	1.0	y	1	a	y_1	06
8	E5.jpg	25.46075430381461	0.0	y	1	a	y_1	06
9	E7.jpg	94.35514941981093	0.0	y	1	a	y_1	06
1	A10.jpg	23.41306712180813	1.0	y	1	b	y_1	06
2	B4.jpg	9.606743949698284	1.0	y	1	b	y_1	06
3	B9.jpg	20.2908641338945	1.0	y	1	b	y_1	06
4	C6.jpg	18.30366980953113	1.0	y	1	b	y_1	06
5	C10.jpg	25.45601164107939	0.0	y	1	b	y_1	06
6	D8.jpg	31.683312586210373	1.0	y	1	b	y_1	06
7	E2.jpg	34.07003491352225	1.0	y	1	b	y_1	06
8	E4.jpg	34.190651881101076	1.0	y	1	b	y_1	06
9	E9.jpg	37.413480848626925	1.0	y	1	b	y_1	06
1	A11.jpg	26.225173959770473	0.0	n	1	a	n_1	07
2	B12.jpg	76.98605647431395	1.0	n	1	a	n_1	07
3	C4.jpg	34.195837446284706	0.0	n	1	a	n_1	07
4	C12.jpg	15.030112504507995	0.0	n	1	a	n_1	07
5	D7.jpg	14.469480657367965	0.0	n	1	a	n_1	07
6	D12.jpg	8.494030744652264	0.0	n	1	a	n_1	07
7	E1.jpg	7.0577231977076735	0.0	n	1	a	n_1	07
8	E5.jpg	11.878902039548848	1.0	n	1	a	n_1	07
9	E7.jpg	12.353801262011983	0.0	n	1	a	n_1	07
1	A10.jpg	11.685114587322461	0.0	n	1	b	n_1	07
2	B4.jpg	14.075397963868456	0.0	n	1	b	n_1	07
3	B9.jpg	9.216913200842098	0.0	n	1	b	n_1	07
4	C6.jpg	9.530719114743988	0.0	n	1	b	n_1	07
5	C10.jpg	9.625544814596651	0.0	n	1	b	n_1	07
6	D8.jpg	20.057606495145592	0.0	n	1	b	n_1	07
7	E2.jpg	12.064617158845069	0.0	n	1	b	n_1	07
8	E4.jpg	7.702234611060701	0.0	n	1	b	n_1	07
9	E9.jpg	5.837854342229548	1.0	n	1	b	n_1	07
1	A11.jpg	49.60388191597214	0.0	y	5	a	y_5	08
2	B12.jpg	27.587169473077665	1.0	y	5	a	y_5	08
3	C4.jpg	15.144702046598468	0.0	y	5	a	y_5	08
4	C12.jpg	16.364880569834895	0.0	y	5	a	y_5	08
5	D7.jpg	22.198571036088648	1.0	y	5	a	y_5	08
6	D12.jpg	12.803828264990445	0.0	y	5	a	y_5	08
7	E1.jpg	14.409979001557074	0.0	y	5	a	y_5	08
8	E5.jpg	21.47327540864353	0.0	y	5	a	y_5	08
9	E7.jpg	20.558131487048737	0.0	y	5	a	y_5	08
1	A10.jpg	28.70533738120048	0.0	y	5	b	y_5	08
2	B4.jpg	7.315108343376777	0.0	y	5	b	y_5	08
3	B9.jpg	6.525903212655977	1.0	y	5	b	y_5	08
4	C6.jpg	9.57216057041842	0.0	y	5	b	y_5	08
5	C10.jpg	8.713101780451325	0.0	y	5	b	y_5	08
6	D8.jpg	6.05210993426499	1.0	y	5	b	y_5	08
7	E2.jpg	8.925245623433511	0.0	y	5	b	y_5	08
8	E4.jpg	5.628156553889312	0.0	y	5	b	y_5	08
9	E9.jpg	5.996814979484043	0.0	y	5	b	y_5	08
1	A11.jpg	22.40576431982845	0.0	y	6	a	y_6	09
2	B12.jpg	10.568240482829424	0.0	y	6	a	y_6	09
3	C4.jpg	22.13282386512219	1.0	y	6	a	y_6	09
4	C12.jpg	32.12360148828884	0.0	y	6	a	y_6	09
5	D7.jpg	17.872111701020913	0.0	y	6	a	y_6	09
6	D12.jpg	20.259133836509136	0.0	y	6	a	y_6	09
7	E1.jpg	14.56516284531972	0.0	y	6	a	y_6	09
8	E5.jpg	11.259780971082366	0.0	y	6	a	y_6	09
9	E7.jpg	22.529605292482298	0.0	y	6	a	y_6	09
1	A10.jpg	12.9522753446181	1.0	y	6	b	y_6	09
2	B4.jpg	5.601702648753417	1.0	y	6	b	y_6	09
3	B9.jpg	5.715137600182061	0.0	y	6	b	y_6	09
4	C6.jpg	17.338428690796714	0.0	y	6	b	y_6	09
5	C10.jpg	13.353602112321825	0.0	y	6	b	y_6	09
6	D8.jpg	9.36964229707155	1.0	y	6	b	y_6	09
7	E2.jpg	6.7984773494790725	0.0	y	6	b	y_6	09
8	E4.jpg	15.714804105027726	0.0	y	6	b	y_6	09
9	E9.jpg	5.939401135099615	0.0	y	6	b	y_6	09
1	A11.jpg	21.926515930321326	1.0	y	7	a	y_7	10
2	B12.jpg	99.32392605520364	1.0	y	7	a	y_7	10
3	C4.jpg	96.046949540103	1.0	y	7	a	y_7	10
4	C12.jpg	49.892858575572966	0.0	y	7	a	y_7	10
5	D7.jpg	59.67171426360074	0.0	y	7	a	y_7	10
6	D12.jpg	100.76767547017698	0.0	y	7	a	y_7	10
7	E1.jpg	29.753791269373327	1.0	y	7	a	y_7	10
8	E5.jpg	206.7258056738665	0.0	y	7	a	y_7	10
9	E7.jpg	44.766484550666064	0.0	y	7	a	y_7	10
1	A10.jpg	33.099307451331704	1.0	y	7	b	y_7	10
2	B4.jpg	11.325734923766506	1.0	y	7	b	y_7	10
3	B9.jpg	17.209276043311547	1.0	y	7	b	y_7	10
4	C6.jpg	17.428546652721707	1.0	y	7	b	y_7	10
5	C10.jpg	25.753629589589767	0.0	y	7	b	y_7	10
6	D8.jpg	25.54305970279347	0.0	y	7	b	y_7	10
7	E2.jpg	68.88816783577204	1.0	y	7	b	y_7	10
8	E4.jpg	102.25274399768749	0.0	y	7	b	y_7	10
9	E9.jpg	47.29050939667468	0.0	y	7	b	y_7	10
1	A11.jpg	65.9619991725558	0.0	y	8	a	y_8	11
2	B12.jpg	37.140252147524734	0.0	y	8	a	y_8	11
3	C4.jpg	22.044285673186092	0.0	y	8	a	y_8	11
4	C12.jpg	17.075268220280122	0.0	y	8	a	y_8	11
5	D7.jpg	28.56098468256096	0.0	y	8	a	y_8	11
6	D12.jpg	19.802195522323014	0.0	y	8	a	y_8	11
7	E1.jpg	7.1503946161828935	1.0	y	8	a	y_8	11
8	E5.jpg	16.219286412699148	0.0	y	8	a	y_8	11
9	E7.jpg	16.58260074291684	0.0	y	8	a	y_8	11
1	A10.jpg	26.774069318078546	1.0	y	8	b	y_8	11
2	B4.jpg	15.959375826885662	0.0	y	8	b	y_8	11
3	B9.jpg	11.970720966222869	1.0	y	8	b	y_8	11
4	C6.jpg	13.584862233834428	1.0	y	8	b	y_8	11
5	C10.jpg	25.946764803727998	0.0	y	8	b	y_8	11
6	D8.jpg	14.935076449415645	0.0	y	8	b	y_8	11
7	E2.jpg	23.69465455837781	1.0	y	8	b	y_8	11
8	E4.jpg	19.303741205367263	0.0	y	8	b	y_8	11
9	E9.jpg	10.694242457273504	0.0	y	8	b	y_8	11
1	A11.jpg	30.889235571950852	0.0	y	9	a	y_9	12
2	B12.jpg	84.37121773281069	1.0	y	9	a	y_9	12
3	C4.jpg	49.483796709013404	0.0	y	9	a	y_9	12
4	C12.jpg	99.91321410857745	0.0	y	9	a	y_9	12
5	D7.jpg	36.617677378362714	0.0	y	9	a	y_9	12
6	D12.jpg	40.33639526515617	0.0	y	9	a	y_9	12
7	E1.jpg	36.61561767575768	0.0	y	9	a	y_9	12
8	E5.jpg	7.43931758725921	0.0	y	9	a	y_9	12
9	E7.jpg	35.705291932352345	0.0	y	9	a	y_9	12
1	A10.jpg	14.832258840957365	0.0	y	9	b	y_9	12
2	B4.jpg	13.11954136262102	1.0	y	9	b	y_9	12
3	B9.jpg	28.2432098295194	0.0	y	9	b	y_9	12
4	C6.jpg	85.64626562910234	1.0	y	9	b	y_9	12
5	C10.jpg	92.75569325626749	0.0	y	9	b	y_9	12
6	D8.jpg	58.10596142687064	1.0	y	9	b	y_9	12
7	E2.jpg	53.17956368180603	0.0	y	9	b	y_9	12
8	E4.jpg	59.88751908557788	0.0	y	9	b	y_9	12
9	E9.jpg	63.419505865877	0.0	y	9	b	y_9	12
1	A11.jpg	37.81566127678161	0.0	y	10	a	y_10	13
2	B12.jpg	26.918176358845813	0.0	y	10	a	y_10	13
3	C4.jpg	15.24710677226176	1.0	y	10	a	y_10	13
4	C12.jpg	25.102792653633514	0.0	y	10	a	y_10	13
5	D7.jpg	26.891230035107583	0.0	y	10	a	y_10	13
6	D12.jpg	23.773323710851397	0.0	y	10	a	y_10	13
7	E1.jpg	54.764377396841155	0.0	y	10	a	y_10	13
8	E5.jpg	25.032436973018772	0.0	y	10	a	y_10	13
9	E7.jpg	12.395021622218337	0.0	y	10	a	y_10	13
1	A10.jpg	14.79513313710049	1.0	y	10	b	y_10	13
2	B4.jpg	10.310601775163377	1.0	y	10	b	y_10	13
3	B9.jpg	9.076799393151305	0.0	y	10	b	y_10	13
4	C6.jpg	5.354145257861092	0.0	y	10	b	y_10	13
5	C10.jpg	22.736609704388684	0.0	y	10	b	y_10	13
6	D8.jpg	9.657865284185393	0.0	y	10	b	y_10	13
7	E2.jpg	21.43360528593621	0.0	y	10	b	y_10	13
8	E4.jpg	9.548756155199953	0.0	y	10	b	y_10	13
9	E9.jpg	25.116386771871483	0.0	y	10	b	y_10	13
1	A11.jpg	28.52068318284819	0.0	y	11	a	y_11	14
2	B12.jpg	19.074471128558802	1.0	y	11	a	y_11	14
3	C4.jpg	16.074191932740177	0.0	y	11	a	y_11	14
4	C12.jpg	13.838313203409598	0.0	y	11	a	y_11	14
5	D7.jpg	21.72907307798596	1.0	y	11	a	y_11	14
6	D12.jpg	10.002034604072833	0.0	y	11	a	y_11	14
7	E1.jpg	6.7265485642683425	0.0	y	11	a	y_11	14
8	E5.jpg	7.313949417335608	0.0	y	11	a	y_11	14
9	E7.jpg	11.241620681075801	0.0	y	11	a	y_11	14
1	A10.jpg	11.428967964204276	0.0	y	11	b	y_11	14
2	B4.jpg	7.047793137374357	0.0	y	11	b	y_11	14
3	B9.jpg	3.8603101059161418	0.0	y	11	b	y_11	14
4	C6.jpg	4.588139567113103	0.0	y	11	b	y_11	14
5	C10.jpg	3.700715049262726	0.0	y	11	b	y_11	14
6	D8.jpg	6.664787126357624	0.0	y	11	b	y_11	14
7	E2.jpg	6.886584904299525	0.0	y	11	b	y_11	14
8	E4.jpg	17.645849221291424	0.0	y	11	b	y_11	14
9	E9.jpg	9.991661405574632	1.0	y	11	b	y_11	14
1	A11.jpg	32.39987648928218	1.0	low	2	a	low_2	15
2	B12.jpg	26.205022931339045	1.0	low	2	a	low_2	15
3	C4.jpg	62.0135513302921	1.0	low	2	a	low_2	15
4	C12.jpg	45.789320618107006	0.0	low	2	a	low_2	15
5	D7.jpg	31.655303788553287	0.0	low	2	a	low_2	15
6	D12.jpg	53.58170469105608	0.0	low	2	a	low_2	15
7	E1.jpg	32.97960857475482	0.0	low	2	a	low_2	15
8	E5.jpg	29.506671523889967	0.0	low	2	a	low_2	15
9	E7.jpg	42.744612817397865	0.0	low	2	a	low_2	15
1	A10.jpg	16.450058392041687	0.0	low	2	b	low_2	15
2	B4.jpg	9.990768303130608	0.0	low	2	b	low_2	15
3	B9.jpg	21.558846293180977	1.0	low	2	b	low_2	15
4	C6.jpg	39.54645915677247	0.0	low	2	b	low_2	15
5	C10.jpg	28.97809791871623	0.0	low	2	b	low_2	15
6	D8.jpg	50.713580749183166	0.0	low	2	b	low_2	15
7	E2.jpg	38.373396244918695	0.0	low	2	b	low_2	15
8	E4.jpg	28.439597261043676	0.0	low	2	b	low_2	15
9	E9.jpg	23.827865039416796	0.0	low	2	b	low_2	15
1	A11.jpg	59.40445303147135	0.0	y	12	a	y_12	16
2	B12.jpg	19.540101677528586	1.0	y	12	a	y_12	16
3	C4.jpg	25.698550775137853	1.0	y	12	a	y_12	16
4	C12.jpg	57.64367238539853	0.0	y	12	a	y_12	16
5	D7.jpg	22.840426014721746	0.0	y	12	a	y_12	16
6	D12.jpg	44.85801778262248	0.0	y	12	a	y_12	16
7	E1.jpg	47.56460323803186	1.0	y	12	a	y_12	16
8	E5.jpg	29.41403281138628	0.0	y	12	a	y_12	16
9	E7.jpg	51.453577718159075	0.0	y	12	a	y_12	16
1	A10.jpg	27.16849812099826	1.0	y	12	b	y_12	16
2	B4.jpg	11.150642555599916	0.0	y	12	b	y_12	16
3	B9.jpg	25.020041721334568	1.0	y	12	b	y_12	16
4	C6.jpg	19.085050988695	0.0	y	12	b	y_12	16
5	C10.jpg	32.77480810858833	0.0	y	12	b	y_12	16
6	D8.jpg	42.675397783124936	0.0	y	12	b	y_12	16
7	E2.jpg	58.56551417009905	0.0	y	12	b	y_12	16
8	E4.jpg	54.87379822206276	0.0	y	12	b	y_12	16
9	E9.jpg	24.28704734009807	0.0	y	12	b	y_12	16
1	A11.jpg	39.6629093419906	0.0	n	2	a	n_2	17
2	B12.jpg	19.96742323736544	0.0	n	2	a	n_2	17
3	C4.jpg	21.982834927592197	0.0	n	2	a	n_2	17
4	C12.jpg	7.442350723445998	0.0	n	2	a	n_2	17
5	D7.jpg	5.981800403766101	0.0	n	2	a	n_2	17
6	D12.jpg	4.459031559264987	0.0	n	2	a	n_2	17
7	E1.jpg	2.7794312509649903	0.0	n	2	a	n_2	17
8	E5.jpg	4.136830669565826	0.0	n	2	a	n_2	17
9	E7.jpg	4.696515360628837	0.0	n	2	a	n_2	17
1	A10.jpg	18.53623062140832	0.0	n	2	b	n_2	17
2	B4.jpg	7.224336474318989	0.0	n	2	b	n_2	17
3	B9.jpg	8.265631926711649	0.0	n	2	b	n_2	17
4	C6.jpg	3.75025386964262	0.0	n	2	b	n_2	17
5	C10.jpg	2.5214891632203944	0.0	n	2	b	n_2	17
6	D8.jpg	2.6340383061615285	0.0	n	2	b	n_2	17
7	E2.jpg	2.4512002988776658	0.0	n	2	b	n_2	17
8	E4.jpg	2.3383930315321777	1.0	n	2	b	n_2	17
9	E9.jpg	5.504794955195393	1.0	n	2	b	n_2	17
1	A11.jpg	97.53497678749589	0.0	y	13	a	y_13	18
2	B12.jpg	13.708171198342823	1.0	y	13	a	y_13	18
3	C4.jpg	11.798903175272242	1.0	y	13	a	y_13	18
4	C12.jpg	17.131126636089903	0.0	y	13	a	y_13	18
5	D7.jpg	19.324320228409306	0.0	y	13	a	y_13	18
6	D12.jpg	9.738274717557942	0.0	y	13	a	y_13	18
7	E1.jpg	11.477939713539856	0.0	y	13	a	y_13	18
8	E5.jpg	11.202423079836992	0.0	y	13	a	y_13	18
9	E7.jpg	7.4873657283196735	0.0	y	13	a	y_13	18
1	A10.jpg	5.769728399323868	1.0	y	13	b	y_13	18
2	B4.jpg	4.357777677825652	1.0	y	13	b	y_13	18
3	B9.jpg	7.423262992781929	0.0	y	13	b	y_13	18
4	C6.jpg	6.6855020825805695	1.0	y	13	b	y_13	18
5	C10.jpg	6.044370588013408	0.0	y	13	b	y_13	18
6	D8.jpg	6.928177592569227	0.0	y	13	b	y_13	18
7	E2.jpg	8.185493775758005	1.0	y	13	b	y_13	18
8	E4.jpg	5.833974984712768	1.0	y	13	b	y_13	18
9	E9.jpg	15.079839098875711	0.0	y	13	b	y_13	18
1	A11.jpg	47.82984264447078	0.0	low	3	a	low_3	19
2	B12.jpg	47.482655152194646	0.0	low	3	a	low_3	19
3	C4.jpg	32.85302718843377	0.0	low	3	a	low_3	19
4	C12.jpg	18.23648429341847	0.0	low	3	a	low_3	19
5	D7.jpg	8.881948707599804	0.0	low	3	a	low_3	19
6	D12.jpg	12.363019890584836	0.0	low	3	a	low_3	19
7	E1.jpg	9.151308162443456	0.0	low	3	a	low_3	19
8	E5.jpg	11.113864248691245	0.0	low	3	a	low_3	19
9	E7.jpg	12.683379182941279	0.0	low	3	a	low_3	19
1	A10.jpg	39.889710521420064	0.0	low	3	b	low_3	19
2	B4.jpg	10.240201292541316	0.0	low	3	b	low_3	19
3	B9.jpg	7.283045856496756	0.0	low	3	b	low_3	19
4	C6.jpg	17.50104240491055	0.0	low	3	b	low_3	19
5	C10.jpg	12.65931735749109	0.0	low	3	b	low_3	19
6	D8.jpg	12.855670378805373	1.0	low	3	b	low_3	19
7	E2.jpg	11.581010766047257	0.0	low	3	b	low_3	19
8	E4.jpg	12.054091596291986	1.0	low	3	b	low_3	19
9	E9.jpg	13.004943167150486	0.0	low	3	b	low_3	19
1	A11.jpg	48.93149842856746	0.0	y	14	a	y_14	20
2	B12.jpg	56.90161406136304	0.0	y	14	a	y_14	20
3	C4.jpg	16.63593742148896	0.0	y	14	a	y_14	20
4	C12.jpg	18.956131990606078	0.0	y	14	a	y_14	20
5	D7.jpg	14.578554606266152	0.0	y	14	a	y_14	20
6	D12.jpg	12.28799195400643	0.0	y	14	a	y_14	20
7	E1.jpg	12.537019027380664	0.0	y	14	a	y_14	20
8	E5.jpg	23.022301131529275	0.0	y	14	a	y_14	20
9	E7.jpg	20.305824349667088	1.0	y	14	a	y_14	20
1	A10.jpg	20.921925170961003	1.0	y	14	b	y_14	20
2	B4.jpg	4.636625075168013	1.0	y	14	b	y_14	20
3	B9.jpg	18.18924537201383	0.0	y	14	b	y_14	20
4	C6.jpg	12.458129306446606	0.0	y	14	b	y_14	20
5	C10.jpg	16.384110296894505	0.0	y	14	b	y_14	20
6	D8.jpg	11.644438474243545	1.0	y	14	b	y_14	20
7	E2.jpg	16.727482482458072	0.0	y	14	b	y_14	20
8	E4.jpg	17.78024379490762	0.0	y	14	b	y_14	20
9	E9.jpg	33.034095384899956	0.0	y	14	b	y_14	20
1	A11.jpg	44.58423534693793	0.0	n	3	a	n_3	21
2	B12.jpg	190.00163343074746	0.0	n	3	a	n_3	21
3	C4.jpg	97.52727517331004	0.0	n	3	a	n_3	21
4	C12.jpg	34.78937496049184	1.0	n	3	a	n_3	21
5	D7.jpg	56.165577847907116	0.0	n	3	a	n_3	21
6	D12.jpg	15.33824578209169	0.0	n	3	a	n_3	21
7	E1.jpg	56.713498435052315	1.0	n	3	a	n_3	21
8	E5.jpg	21.128923516054787	0.0	n	3	a	n_3	21
9	E7.jpg	16.66236285422201	0.0	n	3	a	n_3	21
1	A10.jpg	20.793882191999725	0.0	n	3	b	n_3	21
2	B4.jpg	25.52852324245396	1.0	n	3	b	n_3	21
3	B9.jpg	15.04485957601355	0.0	n	3	b	n_3	21
4	C6.jpg	27.257500166138925	0.0	n	3	b	n_3	21
5	C10.jpg	12.445122237837493	0.0	n	3	b	n_3	21
6	D8.jpg	17.119056070721854	0.0	n	3	b	n_3	21
7	E2.jpg	9.041556650183338	1.0	n	3	b	n_3	21
8	E4.jpg	9.25098913531474	0.0	n	3	b	n_3	21
9	E9.jpg	18.914459448289566	0.0	n	3	b	n_3	21
1	A11.jpg	76.7131313082209	0.0	y	15	a	y_15	22
2	B12.jpg	128.83308979776484	0.0	y	15	a	y_15	22
3	C4.jpg	30.181365922524492	1.0	y	15	a	y_15	22
4	C12.jpg	18.905151202767232	0.0	y	15	a	y_15	22
5	D7.jpg	50.751359909101666	1.0	y	15	a	y_15	22
6	D12.jpg	36.47248453285829	0.0	y	15	a	y_15	22
7	E1.jpg	24.93414449723059	1.0	y	15	a	y_15	22
8	E5.jpg	29.06984081445444	1.0	y	15	a	y_15	22
9	E7.jpg	59.375483221574534	1.0	y	15	a	y_15	22
1	A10.jpg	35.44495974571873	1.0	y	15	b	y_15	22
2	B4.jpg	8.747546004315153	1.0	y	15	b	y_15	22
3	B9.jpg	6.966923331276121	1.0	y	15	b	y_15	22
4	C6.jpg	13.416432856311074	1.0	y	15	b	y_15	22
5	C10.jpg	47.48577565876076	1.0	y	15	b	y_15	22
6	D8.jpg	13.488841532498554	1.0	y	15	b	y_15	22
7	E2.jpg	27.814019868612377	0.0	y	15	b	y_15	22
8	E4.jpg	62.351646316656115	0.0	y	15	b	y_15	22
9	E9.jpg	20.905559661756342	0.0	y	15	b	y_15	22
1	A11.jpg	24.553703847781435	0.0	low	4	a	low_4	23
2	B12.jpg	157.6392780325259	0.0	low	4	a	low_4	23
3	C4.jpg	19.39411713696245	1.0	low	4	a	low_4	23
4	C12.jpg	14.141578856088016	0.0	low	4	a	low_4	23
5	D7.jpg	14.20174186688746	0.0	low	4	a	low_4	23
6	D12.jpg	18.857259791264372	0.0	low	4	a	low_4	23
7	E1.jpg	15.558473660068556	1.0	low	4	a	low_4	23
8	E5.jpg	25.242793616369447	0.0	low	4	a	low_4	23
9	E7.jpg	24.38556502683423	0.0	low	4	a	low_4	23
1	A10.jpg	8.347911024018687	1.0	low	4	b	low_4	23
2	B4.jpg	11.939250234619974	1.0	low	4	b	low_4	23
3	B9.jpg	8.330902840250927	1.0	low	4	b	low_4	23
4	C6.jpg	8.935905976628417	1.0	low	4	b	low_4	23
5	C10.jpg	23.93569121148539	0.0	low	4	b	low_4	23
6	D8.jpg	23.20323590289627	0.0	low	4	b	low_4	23
7	E2.jpg	12.523409400717357	1.0	low	4	b	low_4	23
8	E4.jpg	19.423105163601576	0.0	low	4	b	low_4	23
9	E9.jpg	15.305122918602136	0.0	low	4	b	low_4	23
1	A11.jpg	42.399956723147625	0.0	y	16	a	y_16	24
2	B12.jpg	19.54212320773877	0.0	y	16	a	y_16	24
3	C4.jpg	150.9713436733136	0.0	y	16	a	y_16	24
4	C12.jpg	21.94279715961239	1.0	y	16	a	y_16	24
5	D7.jpg	10.674307651412164	1.0	y	16	a	y_16	24
6	D12.jpg	12.325309826600462	0.0	y	16	a	y_16	24
7	E1.jpg	13.3017393404416	0.0	y	16	a	y_16	24
8	E5.jpg	8.861621050379654	1.0	y	16	a	y_16	24
9	E7.jpg	2.8466236761660184	0.0	y	16	a	y_16	24
1	A10.jpg	7.496908622629235	1.0	y	16	b	y_16	24
2	B4.jpg	4.1441966065758615	1.0	y	16	b	y_16	24
3	B9.jpg	5.126058418887624	0.0	y	16	b	y_16	24
4	C6.jpg	6.0315467179289035	0.0	y	16	b	y_16	24
5	C10.jpg	5.1873223136744855	0.0	y	16	b	y_16	24
6	D8.jpg	14.349951293281267	0.0	y	16	b	y_16	24
7	E2.jpg	17.836437812622535	0.0	y	16	b	y_16	24
8	E4.jpg	1.9679593262426351	1.0	y	16	b	y_16	24
9	E9.jpg	1.9251687310961645	0.0	y	16	b	y_16	24
1	A11.jpg	26.686987201721426	0.0	low	5	a	low_5	25
2	B12.jpg	17.972590516696073	0.0	low	5	a	low_5	25
3	C4.jpg	7.854657853533354	0.0	low	5	a	low_5	25
4	C12.jpg	6.567661818146008	0.0	low	5	a	low_5	25
5	D7.jpg	5.420514443447247	0.0	low	5	a	low_5	25
6	D12.jpg	2.0982514206807537	0.0	low	5	a	low_5	25
7	E1.jpg	2.018577034416012	0.0	low	5	a	low_5	25
8	E5.jpg	6.139773290888115	0.0	low	5	a	low_5	25
9	E7.jpg	1.6529812402131938	0.0	low	5	a	low_5	25
1	A10.jpg	9.105251897211927	0.0	low	5	b	low_5	25
2	B4.jpg	5.36640622214145	0.0	low	5	b	low_5	25
3	B9.jpg	4.505535628033614	0.0	low	5	b	low_5	25
4	C6.jpg	1.6633697107408807	0.0	low	5	b	low_5	25
5	C10.jpg	1.5432926552530262	0.0	low	5	b	low_5	25
6	D8.jpg	3.0795337770141487	1.0	low	5	b	low_5	25
7	E2.jpg	3.0899947808447905	0.0	low	5	b	low_5	25
8	E4.jpg	2.321636561970081	0.0	low	5	b	low_5	25
9	E9.jpg	1.7166731771048944	0.0	low	5	b	low_5	25
1	A11.jpg	25.637857187431113	0.0	n	4	a	n_4	26
2	B12.jpg	132.9214526007145	0.0	n	4	a	n_4	26
3	C4.jpg	18.42417119224956	1.0	n	4	a	n_4	26
4	C12.jpg	11.145609772503118	0.0	n	4	a	n_4	26
5	D7.jpg	6.498092650118451	0.0	n	4	a	n_4	26
6	D12.jpg	6.685813239366325	0.0	n	4	a	n_4	26
7	E1.jpg	10.081631090087283	0.0	n	4	a	n_4	26
8	E5.jpg	6.754216876257488	0.0	n	4	a	n_4	26
9	E7.jpg	9.390705245354184	0.0	n	4	a	n_4	26
1	A10.jpg	11.1065753526791	0.0	n	4	b	n_4	26
2	B4.jpg	11.94496483133662	1.0	n	4	b	n_4	26
3	B9.jpg	6.617382047813408	0.0	n	4	b	n_4	26
4	C6.jpg	4.141874495000593	0.0	n	4	b	n_4	26
5	C10.jpg	6.958370984617432	0.0	n	4	b	n_4	26
6	D8.jpg	8.033725690102983	0.0	n	4	b	n_4	26
7	E2.jpg	5.128369469111021	0.0	n	4	b	n_4	26
8	E4.jpg	7.3422418634727356	0.0	n	4	b	n_4	26
9	E9.jpg	4.405152397539496	1.0	n	4	b	n_4	26
1	A11.jpg	23.991432121116304	1.0	y	17	a	y_17	27
2	B12.jpg	39.03956322619706	1.0	y	17	a	y_17	27
3	C4.jpg	21.54557824672884	1.0	y	17	a	y_17	27
4	C12.jpg	18.049606089904046	0.0	y	17	a	y_17	27
5	D7.jpg	17.988640590772775	0.0	y	17	a	y_17	27
6	D12.jpg	13.771789861666546	0.0	y	17	a	y_17	27
7	E1.jpg	15.892462665460696	1.0	y	17	a	y_17	27
8	E5.jpg	15.159225017037894	0.0	y	17	a	y_17	27
9	E7.jpg	23.95774452128171	0.0	y	17	a	y_17	27
1	A10.jpg	11.976544094346535	1.0	y	17	b	y_17	27
2	B4.jpg	8.946979968570306	1.0	y	17	b	y_17	27
3	B9.jpg	13.368198354663036	0.0	y	17	b	y_17	27
4	C6.jpg	4.315582728415393	1.0	y	17	b	y_17	27
5	C10.jpg	11.213890629063826	0.0	y	17	b	y_17	27
6	D8.jpg	23.00226880220725	1.0	y	17	b	y_17	27
7	E2.jpg	4.329783914723522	0.0	y	17	b	y_17	27
8	E4.jpg	6.647960023048654	0.0	y	17	b	y_17	27
9	E9.jpg	4.538202917390663	1.0	y	17	b	y_17	27
1	A11.jpg	33.14562030810976	0.0	low	6	a	low_6	28
2	B12.jpg	57.66593741363886	0.0	low	6	a	low_6	28
3	C4.jpg	24.694388006914775	0.0	low	6	a	low_6	28
4	C12.jpg	19.194491742110586	0.0	low	6	a	low_6	28
5	D7.jpg	20.072773482042066	0.0	low	6	a	low_6	28
6	D12.jpg	10.963249780575097	1.0	low	6	a	low_6	28
7	E1.jpg	4.366271149216119	1.0	low	6	a	low_6	28
8	E5.jpg	19.844483921449864	0.0	low	6	a	low_6	28
9	E7.jpg	4.032696847665648	0.0	low	6	a	low_6	28
1	A10.jpg	13.166802954184275	0.0	low	6	b	low_6	28
2	B4.jpg	12.51062718461799	0.0	low	6	b	low_6	28
3	B9.jpg	15.738520039127252	0.0	low	6	b	low_6	28
4	C6.jpg	2.0027850468959514	0.0	low	6	b	low_6	28
5	C10.jpg	4.121792414525772	0.0	low	6	b	low_6	28
6	D8.jpg	2.2152553952428207	0.0	low	6	b	low_6	28
7	E2.jpg	3.0033154741304315	0.0	low	6	b	low_6	28
8	E4.jpg	0.8101654009087724	0.0	low	6	b	low_6	28
9	E9.jpg	1.3187089668545011	0.0	low	6	b	low_6	28
1	A11.jpg	43.42864934606041	0.0	low	7	a	low_7	29
2	B12.jpg	96.21762314147236	1.0	low	7	a	low_7	29
3	C4.jpg	49.59063575345317	1.0	low	7	a	low_7	29
4	C12.jpg	45.097293472923404	0.0	low	7	a	low_7	29
5	D7.jpg	12.108056448383651	0.0	low	7	a	low_7	29
6	D12.jpg	48.83454371726839	0.0	low	7	a	low_7	29
7	E1.jpg	14.103936199355305	0.0	low	7	a	low_7	29
8	E5.jpg	19.878420236225796	0.0	low	7	a	low_7	29
9	E7.jpg	9.191191225263537	0.0	low	7	a	low_7	29
1	A10.jpg	17.03748421678756	0.0	low	7	b	low_7	29
2	B4.jpg	26.644793849774945	0.0	low	7	b	low_7	29
3	B9.jpg	13.993137240599024	1.0	low	7	b	low_7	29
4	C6.jpg	19.758369762364964	0.0	low	7	b	low_7	29
5	C10.jpg	28.7777476566298	0.0	low	7	b	low_7	29
6	D8.jpg	26.10766500851787	0.0	low	7	b	low_7	29
7	E2.jpg	15.463039323904011	0.0	low	7	b	low_7	29
8	E4.jpg	24.79217865866667	0.0	low	7	b	low_7	29
9	E9.jpg	10.236417928106677	0.0	low	7	b	low_7	29
1	A11.jpg	30.2818427821876	0.0	n	6	a	n_6	30
2	B12.jpg	11.568430658415311	0.0	n	6	a	n_6	30
3	C4.jpg	30.109594247860517	0.0	n	6	a	n_6	30
4	C12.jpg	11.27913836224252	1.0	n	6	a	n_6	30
5	D7.jpg	8.493039583241625	0.0	n	6	a	n_6	30
6	D12.jpg	3.8401596231778967	0.0	n	6	a	n_6	30
7	E1.jpg	4.864668783520756	1.0	n	6	a	n_6	30
8	E5.jpg	2.696531178225996	0.0	n	6	a	n_6	30
9	E7.jpg	1.410767919111095	0.0	n	6	a	n_6	30
1	A10.jpg	14.121469139463446	0.0	n	6	b	n_6	30
2	B4.jpg	4.982129919135332	0.0	n	6	b	n_6	30
3	B9.jpg	3.712274273730145	0.0	n	6	b	n_6	30
4	C6.jpg	3.2258283856317576	0.0	n	6	b	n_6	30
5	C10.jpg	4.126174522207293	1.0	n	6	b	n_6	30
6	D8.jpg	0.9392984554760916	0.0	n	6	b	n_6	30
7	E2.jpg	1.5829888986700098	0.0	n	6	b	n_6	30
8	E4.jpg	3.999780372250825	0.0	n	6	b	n_6	30
9	E9.jpg	1.5873121615404668	1.0	n	6	b	n_6	30
1	A11.jpg	31.54081412678897	0.0	low	8	a	low_8	31
2	B12.jpg	25.60146963597799	0.0	low	8	a	low_8	31
3	C4.jpg	28.4345588944434	0.0	low	8	a	low_8	31
4	C12.jpg	21.104471473227026	0.0	low	8	a	low_8	31
5	D7.jpg	38.62846023740713	0.0	low	8	a	low_8	31
6	D12.jpg	16.196145832236652	0.0	low	8	a	low_8	31
7	E1.jpg	20.45230652778082	0.0	low	8	a	low_8	31
8	E5.jpg	18.09642267554045	0.0	low	8	a	low_8	31
9	E7.jpg	24.043450054337878	0.0	low	8	a	low_8	31
1	A10.jpg	37.71401381461146	0.0	low	8	b	low_8	31
2	B4.jpg	7.861177183767722	1.0	low	8	b	low_8	31
3	B9.jpg	6.011944135354497	1.0	low	8	b	low_8	31
4	C6.jpg	6.450340421633882	1.0	low	8	b	low_8	31
5	C10.jpg	11.495852618219944	0.0	low	8	b	low_8	31
6	D8.jpg	13.540974997386003	0.0	low	8	b	low_8	31
7	E2.jpg	16.573193690630433	0.0	low	8	b	low_8	31
8	E4.jpg	7.529502533003324	0.0	low	8	b	low_8	31
9	E9.jpg	12.943129204617437	0.0	low	8	b	low_8	31
1	A11.jpg	21.83793725803844	0.0	n	7	a	n_7	32
2	B12.jpg	24.19666572386632	0.0	n	7	a	n_7	32
3	C4.jpg	11.339172760432119	0.0	n	7	a	n_7	32
4	C12.jpg	14.703508599894118	0.0	n	7	a	n_7	32
5	D7.jpg	7.164752157987095	0.0	n	7	a	n_7	32
6	D12.jpg	6.1390375805058275	0.0	n	7	a	n_7	32
7	E1.jpg	6.817411466457997	0.0	n	7	a	n_7	32
8	E5.jpg	4.222251037557726	0.0	n	7	a	n_7	32
9	E7.jpg	8.54875513711886	0.0	n	7	a	n_7	32
1	A10.jpg	12.760026857693449	0.0	n	7	b	n_7	32
2	B4.jpg	6.018802409569616	1.0	n	7	b	n_7	32
3	B9.jpg	9.114513931723195	0.0	n	7	b	n_7	32
4	C6.jpg	7.217856069037224	0.0	n	7	b	n_7	32
5	C10.jpg	3.4983750854007667	0.0	n	7	b	n_7	32
6	D8.jpg	6.408644140465184	0.0	n	7	b	n_7	32
7	E2.jpg	3.1864044489484518	0.0	n	7	b	n_7	32
8	E4.jpg	4.624626897726556	0.0	n	7	b	n_7	32
9	E9.jpg	2.7541119254165096	0.0	n	7	b	n_7	32
1	A11.jpg	41.315099245005506	0.0	n	8	a	n_8	33
2	B12.jpg	7.0968635628355505	0.0	n	8	a	n_8	33
3	C4.jpg	3.3023001565743466	0.0	n	8	a	n_8	33
4	C12.jpg	3.4797279555496066	1.0	n	8	a	n_8	33
5	D7.jpg	2.632673942148358	0.0	n	8	a	n_8	33
6	D12.jpg	2.8433394169455823	0.0	n	8	a	n_8	33
7	E1.jpg	2.3055617238123887	0.0	n	8	a	n_8	33
8	E5.jpg	2.1868056658640853	0.0	n	8	a	n_8	33
9	E7.jpg	1.6842548439276468	0.0	n	8	a	n_8	33
1	A10.jpg	10.624791720019855	0.0	n	8	b	n_8	33
2	B4.jpg	3.2877614845742755	1.0	n	8	b	n_8	33
3	B9.jpg	1.0862947720916054	0.0	n	8	b	n_8	33
4	C6.jpg	2.746641181409359	0.0	n	8	b	n_8	33
5	C10.jpg	0.9289554556385156	0.0	n	8	b	n_8	33
6	D8.jpg	0.8822448205551154	0.0	n	8	b	n_8	33
7	E2.jpg	0.6911155216403131	0.0	n	8	b	n_8	33
8	E4.jpg	0.5714586730373412	1.0	n	8	b	n_8	33
9	E9.jpg	0.5050615276891222	0.0	n	8	b	n_8	33
1	A11.jpg	30.268064585146927	0.0	n	9	a	n_9	34
2	B12.jpg	40.83265864660734	0.0	n	9	a	n_9	34
3	C4.jpg	11.876217880454533	0.0	n	9	a	n_9	34
4	C12.jpg	14.673517674766115	0.0	n	9	a	n_9	34
5	D7.jpg	8.445114943926455	0.0	n	9	a	n_9	34
6	D12.jpg	10.264354821193592	0.0	n	9	a	n_9	34
7	E1.jpg	6.1508546842305805	0.0	n	9	a	n_9	34
8	E5.jpg	4.601819749640526	0.0	n	9	a	n_9	34
9	E7.jpg	7.451014501914869	0.0	n	9	a	n_9	34
1	A10.jpg	40.05664369895294	0.0	n	9	b	n_9	34
2	B4.jpg	9.844241781788694	0.0	n	9	b	n_9	34
3	B9.jpg	4.448195810701692	0.0	n	9	b	n_9	34
4	C6.jpg	6.268587720621326	0.0	n	9	b	n_9	34
5	C10.jpg	6.798048635795567	0.0	n	9	b	n_9	34
6	D8.jpg	7.554728642214286	0.0	n	9	b	n_9	34
7	E2.jpg	5.291728867515303	0.0	n	9	b	n_9	34
8	E4.jpg	7.726458903676757	0.0	n	9	b	n_9	34
9	E9.jpg	9.893903182251961	0.0	n	9	b	n_9	34
1	A11.jpg	25.80720776136877	0.0	n	10	a	n_10	35
2	B12.jpg	126.89113230667499	0.0	n	10	a	n_10	35
3	C4.jpg	13.142046476797988	0.0	n	10	a	n_10	35
4	C12.jpg	7.760688010270313	0.0	n	10	a	n_10	35
5	D7.jpg	10.116053816092974	0.0	n	10	a	n_10	35
6	D12.jpg	13.161417077151782	0.0	n	10	a	n_10	35
7	E1.jpg	3.9861034795194423	0.0	n	10	a	n_10	35
8	E5.jpg	5.428267631408744	0.0	n	10	a	n_10	35
9	E7.jpg	5.565188109952941	1.0	n	10	a	n_10	35
1	A10.jpg	15.160959992090286	0.0	n	10	b	n_10	35
2	B4.jpg	10.439997050019883	0.0	n	10	b	n_10	35
3	B9.jpg	5.760731368516645	0.0	n	10	b	n_10	35
4	C6.jpg	1.5588565903726703	0.0	n	10	b	n_10	35
5	C10.jpg	4.12381372649179	0.0	n	10	b	n_10	35
6	D8.jpg	4.929940773447015	0.0	n	10	b	n_10	35
7	E2.jpg	4.671137023402481	0.0	n	10	b	n_10	35
8	E4.jpg	7.169028272817742	0.0	n	10	b	n_10	35
9	E9.jpg	3.4227473567680136	0.0	n	10	b	n_10	35
1	A11.jpg	18.790323168863324	0.0	n	11	a	n_11	36
2	B12.jpg	30.433315422730626	0.0	n	11	a	n_11	36
3	C4.jpg	20.252511536535167	0.0	n	11	a	n_11	36
4	C12.jpg	17.288551153816115	0.0	n	11	a	n_11	36
5	D7.jpg	14.380717007617022	0.0	n	11	a	n_11	36
6	D12.jpg	21.273357938125628	0.0	n	11	a	n_11	36
7	E1.jpg	14.458650821051377	0.0	n	11	a	n_11	36
8	E5.jpg	21.565926821007448	0.0	n	11	a	n_11	36
9	E7.jpg	18.371160769134804	1.0	n	11	a	n_11	36
1	A10.jpg	9.834772665015407	0.0	n	11	b	n_11	36
2	B4.jpg	12.479038111492626	1.0	n	11	b	n_11	36
3	B9.jpg	16.82808820120954	0.0	n	11	b	n_11	36
4	C6.jpg	7.073207359393563	0.0	n	11	b	n_11	36
5	C10.jpg	11.649319316056788	0.0	n	11	b	n_11	36
6	D8.jpg	11.165530032270908	1.0	n	11	b	n_11	36
7	E2.jpg	10.717033550366976	0.0	n	11	b	n_11	36
8	E4.jpg	11.011440903926998	0.0	n	11	b	n_11	36
9	E9.jpg	7.221362081067128	0.0	n	11	b	n_11	36
1	A11.jpg	67.23051634403237	0.0	n	12	a	n_12	37
2	B12.jpg	42.96928534264407	0.0	n	12	a	n_12	37
3	C4.jpg	21.43880652172811	0.0	n	12	a	n_12	37
4	C12.jpg	17.132414057472488	0.0	n	12	a	n_12	37
5	D7.jpg	13.367731820739207	0.0	n	12	a	n_12	37
6	D12.jpg	9.1792802693235	0.0	n	12	a	n_12	37
7	E1.jpg	12.024655443769007	0.0	n	12	a	n_12	37
8	E5.jpg	15.162086090836963	0.0	n	12	a	n_12	37
9	E7.jpg	13.721756357454069	0.0	n	12	a	n_12	37
1	A10.jpg	18.628430771874267	0.0	n	12	b	n_12	37
2	B4.jpg	10.075383376044558	1.0	n	12	b	n_12	37
3	B9.jpg	9.8253862125639	0.0	n	12	b	n_12	37
4	C6.jpg	7.6584067181775035	0.0	n	12	b	n_12	37
5	C10.jpg	10.951372308749342	0.0	n	12	b	n_12	37
6	D8.jpg	6.182347763930012	0.0	n	12	b	n_12	37
7	E2.jpg	3.5023992913556867	0.0	n	12	b	n_12	37
8	E4.jpg	5.125818336244265	0.0	n	12	b	n_12	37
9	E9.jpg	3.2508404205837	0.0	n	12	b	n_12	37
1	A11.jpg	22.67423369365224	0.0	n	13	a	n_13	38
2	B12.jpg	5.7383824213511625	1.0	n	13	a	n_13	38
3	C4.jpg	7.491436949006128	0.0	n	13	a	n_13	38
4	C12.jpg	2.7165886218235755	0.0	n	13	a	n_13	38
5	D7.jpg	3.7218613087216004	0.0	n	13	a	n_13	38
6	D12.jpg	1.5894217225622924	0.0	n	13	a	n_13	38
7	E1.jpg	3.8007303635777134	0.0	n	13	a	n_13	38
8	E5.jpg	1.4735855081344198	0.0	n	13	a	n_13	38
9	E7.jpg	2.7380627049387845	0.0	n	13	a	n_13	38
1	A10.jpg	15.358691018603167	0.0	n	13	b	n_13	38
2	B4.jpg	3.757833254720936	0.0	n	13	b	n_13	38
3	B9.jpg	2.092054824272964	0.0	n	13	b	n_13	38
4	C6.jpg	1.7297168503928333	0.0	n	13	b	n_13	38
5	C10.jpg	1.5559329478910513	0.0	n	13	b	n_13	38
6	D8.jpg	1.1034057699698678	0.0	n	13	b	n_13	38
7	E2.jpg	1.1867528806888004	0.0	n	13	b	n_13	38
8	E4.jpg	1.4938204368891093	0.0	n	13	b	n_13	38
9	E9.jpg	1.4880866127559784	0.0	n	13	b	n_13	38
1	A11.jpg	46.044331623870676	0.0	low	9	a	low_9	39
2	B12.jpg	20.728461256682753	0.0	low	9	a	low_9	39
3	C4.jpg	10.077706262014543	1.0	low	9	a	low_9	39
4	C12.jpg	6.640473500627196	0.0	low	9	a	low_9	39
5	D7.jpg	11.951993085428512	0.0	low	9	a	low_9	39
6	D12.jpg	15.522331341841893	0.0	low	9	a	low_9	39
7	E1.jpg	5.0670856038814245	0.0	low	9	a	low_9	39
8	E5.jpg	8.658700430175486	0.0	low	9	a	low_9	39
9	E7.jpg	14.95273300613644	0.0	low	9	a	low_9	39
1	A10.jpg	11.161687667556178	0.0	low	9	b	low_9	39
2	B4.jpg	7.5716811355068785	0.0	low	9	b	low_9	39
3	B9.jpg	3.9861242580527687	0.0	low	9	b	low_9	39
4	C6.jpg	11.356649885406116	0.0	low	9	b	low_9	39
5	C10.jpg	11.604030987522492	0.0	low	9	b	low_9	39
6	D8.jpg	9.871913485196274	1.0	low	9	b	low_9	39
7	E2.jpg	5.107908885207507	0.0	low	9	b	low_9	39
8	E4.jpg	8.176441913387862	0.0	low	9	b	low_9	39
9	E9.jpg	6.205439835450307	1.0	low	9	b	low_9	39
1	A11.jpg	62.235642458645096	0.0	low	10	a	low_10	40
2	B12.jpg	25.09518719264452	0.0	low	10	a	low_10	40
3	C4.jpg	10.107022277043145	0.0	low	10	a	low_10	40
4	C12.jpg	6.402822396339617	0.0	low	10	a	low_10	40
5	D7.jpg	13.55875440467571	0.0	low	10	a	low_10	40
6	D12.jpg	7.458246752616105	0.0	low	10	a	low_10	40
7	E1.jpg	8.738504890123295	0.0	low	10	a	low_10	40
8	E5.jpg	6.608921109702351	0.0	low	10	a	low_10	40
9	E7.jpg	9.980258785848493	0.0	low	10	a	low_10	40
1	A10.jpg	7.802633242456068	1.0	low	10	b	low_10	40
2	B4.jpg	9.090311252954052	1.0	low	10	b	low_10	40
3	B9.jpg	3.9159995494028412	0.0	low	10	b	low_10	40
4	C6.jpg	8.145823135448152	0.0	low	10	b	low_10	40
5	C10.jpg	12.293122465387569	0.0	low	10	b	low_10	40
6	D8.jpg	17.435060409297876	0.0	low	10	b	low_10	40
7	E2.jpg	7.83111330106658	0.0	low	10	b	low_10	40
8	E4.jpg	6.644207142138839	0.0	low	10	b	low_10	40
9	E9.jpg	4.733253722295559	1.0	low	10	b	low_10	40
1	A11.jpg	28.16997798040575	0.0	low	11	a	low_11	41
2	B12.jpg	46.97868062348607	0.0	low	11	a	low_11	41
3	C4.jpg	13.11868942484034	0.0	low	11	a	low_11	41
4	C12.jpg	70.08445491169823	0.0	low	11	a	low_11	41
5	D7.jpg	3.330310130229009	0.0	low	11	a	low_11	41
6	D12.jpg	13.256772626004931	0.0	low	11	a	low_11	41
7	E1.jpg	7.763690117764781	0.0	low	11	a	low_11	41
8	E5.jpg	13.601913362579579	1.0	low	11	a	low_11	41
9	E7.jpg	25.47230166763802	0.0	low	11	a	low_11	41
1	A10.jpg	12.3577503381548	1.0	low	11	b	low_11	41
2	B4.jpg	5.825485594063139	1.0	low	11	b	low_11	41
3	B9.jpg	12.999497528569918	0.0	low	11	b	low_11	41
4	C6.jpg	10.730211337862784	0.0	low	11	b	low_11	41
5	C10.jpg	6.776984134058694	0.0	low	11	b	low_11	41
6	D8.jpg	11.623526928011415	0.0	low	11	b	low_11	41
7	E2.jpg	3.931032554474768	0.0	low	11	b	low_11	41
8	E4.jpg	15.103402947238465	0.0	low	11	b	low_11	41
9	E9.jpg	11.031085151887963	1.0	low	11	b	low_11	41
1	A11.jpg	34.52326321155488	0.0	low	12	a	low_12	42
2	B12.jpg	27.152781706148748	0.0	low	12	a	low_12	42
3	C4.jpg	36.39465402815949	0.0	low	12	a	low_12	42
4	C12.jpg	25.410190120601328	0.0	low	12	a	low_12	42
5	D7.jpg	13.26800610421742	1.0	low	12	a	low_12	42
6	D12.jpg	14.541799949915006	0.0	low	12	a	low_12	42
7	E1.jpg	12.152342448865964	0.0	low	12	a	low_12	42
8	E5.jpg	6.1284649254685055	0.0	low	12	a	low_12	42
9	E7.jpg	6.285165908771888	0.0	low	12	a	low_12	42
1	A10.jpg	7.558088128625967	1.0	low	12	b	low_12	42
2	B4.jpg	4.532942675303276	1.0	low	12	b	low_12	42
3	B9.jpg	11.190910778092077	0.0	low	12	b	low_12	42
4	C6.jpg	21.818041722957787	1.0	low	12	b	low_12	42
5	C10.jpg	9.165461815817252	0.0	low	12	b	low_12	42
6	D8.jpg	8.11549143731827	0.0	low	12	b	low_12	42
7	E2.jpg	17.32563511983608	1.0	low	12	b	low_12	42
8	E4.jpg	11.941244881070814	0.0	low	12	b	low_12	42
9	E9.jpg	4.190525009704288	0.0	low	12	b	low_12	42
1	A11.jpg	29.02358242848368	0.0	low	13	a	low_13	43
2	B12.jpg	52.4937045447541	0.0	low	13	a	low_13	43
3	C4.jpg	17.346122800278867	0.0	low	13	a	low_13	43
4	C12.jpg	11.540521320101108	0.0	low	13	a	low_13	43
5	D7.jpg	12.082300839772868	0.0	low	13	a	low_13	43
6	D12.jpg	22.6301306582518	0.0	low	13	a	low_13	43
7	E1.jpg	4.098855990650918	0.0	low	13	a	low_13	43
8	E5.jpg	9.165499640977034	0.0	low	13	a	low_13	43
9	E7.jpg	13.412702021061705	0.0	low	13	a	low_13	43
1	A10.jpg	11.096017443792334	0.0	low	13	b	low_13	43
2	B4.jpg	10.908177770429575	1.0	low	13	b	low_13	43
3	B9.jpg	11.26479042974097	1.0	low	13	b	low_13	43
4	C6.jpg	9.502920805961367	0.0	low	13	b	low_13	43
5	C10.jpg	11.562988995920026	0.0	low	13	b	low_13	43
6	D8.jpg	11.300936213940986	0.0	low	13	b	low_13	43
7	E2.jpg	7.473470021216599	0.0	low	13	b	low_13	43
8	E4.jpg	16.53427165440553	0.0	low	13	b	low_13	43
9	E9.jpg	8.703314109827259	0.0	low	13	b	low_13	43
1	A11.jpg	36.71207450162547	1.0	low	14	a	low_14	44
2	B12.jpg	28.17237293602739	0.0	low	14	a	low_14	44
3	C4.jpg	40.557519373436655	0.0	low	14	a	low_14	44
4	C12.jpg	14.077967041248483	0.0	low	14	a	low_14	44
5	D7.jpg	19.75511465216914	0.0	low	14	a	low_14	44
6	D12.jpg	20.787315241195763	0.0	low	14	a	low_14	44
7	E1.jpg	17.669233312746655	0.0	low	14	a	low_14	44
8	E5.jpg	20.908843137160147	1.0	low	14	a	low_14	44
9	E7.jpg	22.68559476978044	0.0	low	14	a	low_14	44
1	A10.jpg	12.742858856348903	1.0	low	14	b	low_14	44
2	B4.jpg	6.7105537212701165	1.0	low	14	b	low_14	44
3	B9.jpg	18.58538008567848	1.0	low	14	b	low_14	44
4	C6.jpg	10.767161355892313	0.0	low	14	b	low_14	44
5	C10.jpg	11.10719293041984	0.0	low	14	b	low_14	44
6	D8.jpg	13.296529476316211	1.0	low	14	b	low_14	44
7	E2.jpg	13.614512774878676	0.0	low	14	b	low_14	44
8	E4.jpg	8.091777655674377	0.0	low	14	b	low_14	44
9	E9.jpg	6.796830957948259	1.0	low	14	b	low_14	44
1	A11.jpg	37.2425950599154	0.0	y	18	a	y_18	45
2	B12.jpg	27.0661849443959	0.0	y	18	a	y_18	45
3	C4.jpg	19.959775298929344	0.0	y	18	a	y_18	45
4	C12.jpg	24.92556928971953	0.0	y	18	a	y_18	45
5	D7.jpg	17.944150121647	0.0	y	18	a	y_18	45
6	D12.jpg	29.22312234481433	0.0	y	18	a	y_18	45
7	E1.jpg	10.56559778459632	1.0	y	18	a	y_18	45
8	E5.jpg	22.118833606449694	0.0	y	18	a	y_18	45
9	E7.jpg	10.55410784938249	0.0	y	18	a	y_18	45
1	A10.jpg	24.793984306746093	1.0	y	18	b	y_18	45
2	B4.jpg	8.06277585164571	0.0	y	18	b	y_18	45
3	B9.jpg	15.983508063012776	0.0	y	18	b	y_18	45
4	C6.jpg	9.653698093696221	0.0	y	18	b	y_18	45
5	C10.jpg	18.0658956192774	0.0	y	18	b	y_18	45
6	D8.jpg	27.267712451353873	0.0	y	18	b	y_18	45
7	E2.jpg	11.355545317066571	0.0	y	18	b	y_18	45
8	E4.jpg	11.169038808466214	0.0	y	18	b	y_18	45
9	E9.jpg	22.766819757744997	0.0	y	18	b	y_18	45
1	A11.jpg	33.070150400435516	1.0	n	14	a	n_14	46
2	B12.jpg	30.112216003486534	0.0	n	14	a	n_14	46
3	C4.jpg	9.215777376883123	1.0	n	14	a	n_14	46
4	C12.jpg	12.951446463508544	0.0	n	14	a	n_14	46
5	D7.jpg	14.65398458229356	0.0	n	14	a	n_14	46
6	D12.jpg	10.595601285673183	0.0	n	14	a	n_14	46
7	E1.jpg	15.25298077811567	1.0	n	14	a	n_14	46
8	E5.jpg	13.651308122336562	0.0	n	14	a	n_14	46
9	E7.jpg	10.788471731233585	0.0	n	14	a	n_14	46
1	A10.jpg	12.883790175263131	0.0	n	14	b	n_14	46
2	B4.jpg	7.832873006533191	0.0	n	14	b	n_14	46
3	B9.jpg	12.496210408247864	1.0	n	14	b	n_14	46
4	C6.jpg	13.15250959149125	0.0	n	14	b	n_14	46
5	C10.jpg	13.830468042138817	1.0	n	14	b	n_14	46
6	D8.jpg	14.139157682999214	0.0	n	14	b	n_14	46
7	E2.jpg	10.658494650320788	0.0	n	14	b	n_14	46
8	E4.jpg	9.464126116577972	0.0	n	14	b	n_14	46
9	E9.jpg	6.30876541649195	0.0	n	14	b	n_14	46
1	A11.jpg	23.567076288940374	1.0	y	19	a	y_19	47
2	B12.jpg	19.713975837606995	0.0	y	19	a	y_19	47
3	C4.jpg	19.38904782474492	0.0	y	19	a	y_19	47
4	C12.jpg	18.434044141304184	0.0	y	19	a	y_19	47
5	D7.jpg	15.584632397574751	0.0	y	19	a	y_19	47
6	D12.jpg	13.102006968143542	0.0	y	19	a	y_19	47
7	E1.jpg	16.76408115399863	0.0	y	19	a	y_19	47
8	E5.jpg	14.409766666854921	0.0	y	19	a	y_19	47
9	E7.jpg	3.550824985150029	0.0	y	19	a	y_19	47
1	A10.jpg	18.912760018834888	0.0	y	19	b	y_19	47
2	B4.jpg	15.711027059707707	1.0	y	19	b	y_19	47
3	B9.jpg	15.726988631990025	0.0	y	19	b	y_19	47
4	C6.jpg	14.00031120811218	0.0	y	19	b	y_19	47
5	C10.jpg	19.78002813840067	0.0	y	19	b	y_19	47
6	D8.jpg	14.181067200692267	0.0	y	19	b	y_19	47
7	E2.jpg	13.564690765304475	0.0	y	19	b	y_19	47
8	E4.jpg	18.869086741966385	0.0	y	19	b	y_19	47
9	E9.jpg	15.407291589845045	0.0	y	19	b	y_19	47
1	A11.jpg	24.95233815354732	0.0	n	15	a	n_15	48
2	B12.jpg	19.25699873814665	0.0	n	15	a	n_15	48
3	C4.jpg	13.794817007201345	0.0	n	15	a	n_15	48
4	C12.jpg	16.72789145968636	0.0	n	15	a	n_15	48
5	D7.jpg	6.543348291314032	0.0	n	15	a	n_15	48
6	D12.jpg	10.291416005013161	0.0	n	15	a	n_15	48
7	E1.jpg	6.11424619965328	0.0	n	15	a	n_15	48
8	E5.jpg	7.377184636367018	0.0	n	15	a	n_15	48
9	E7.jpg	6.597853879688046	0.0	n	15	a	n_15	48
1	A10.jpg	9.122677183990163	0.0	n	15	b	n_15	48
2	B4.jpg	7.0246879611877375	1.0	n	15	b	n_15	48
3	B9.jpg	9.170962662319651	0.0	n	15	b	n_15	48
4	C6.jpg	7.397026584789272	1.0	n	15	b	n_15	48
5	C10.jpg	10.52930421484416	0.0	n	15	b	n_15	48
6	D8.jpg	9.520549865832436	0.0	n	15	b	n_15	48
7	E2.jpg	13.259361974745845	0.0	n	15	b	n_15	48
8	E4.jpg	9.1403641783254	0.0	n	15	b	n_15	48
9	E9.jpg	8.932830105495668	0.0	n	15	b	n_15	48
1	A11.jpg	29.406095739482225	0.0	y	20	a	y_20	49
2	B12.jpg	34.35570879909483	0.0	y	20	a	y_20	49
3	C4.jpg	17.954501580746182	1.0	y	20	a	y_20	49
4	C12.jpg	23.773550523498674	0.0	y	20	a	y_20	49
5	D7.jpg	28.383893570930013	0.0	y	20	a	y_20	49
6	D12.jpg	28.162521851251768	0.0	y	20	a	y_20	49
7	E1.jpg	6.7535081541536774	0.0	y	20	a	y_20	49
8	E5.jpg	12.961249231103466	0.0	y	20	a	y_20	49
9	E7.jpg	17.12344609943557	0.0	y	20	a	y_20	49
1	A10.jpg	26.802557883023837	1.0	y	20	b	y_20	49
2	B4.jpg	11.958184180220089	1.0	y	20	b	y_20	49
3	B9.jpg	5.9422588014858775	1.0	y	20	b	y_20	49
4	C6.jpg	8.34981412759953	1.0	y	20	b	y_20	49
5	C10.jpg	16.457289058935206	1.0	y	20	b	y_20	49
6	D8.jpg	17.01674756120974	1.0	y	20	b	y_20	49
7	E2.jpg	15.690943269004492	0.0	y	20	b	y_20	49
8	E4.jpg	14.912570274517748	0.0	y	20	b	y_20	49
9	E9.jpg	25.845444687663985	0.0	y	20	b	y_20	49
1	A11.jpg	11.776141877331609	0.0	n	16	a	n_16	50
2	B12.jpg	7.451451117625767	0.0	n	16	a	n_16	50
3	C4.jpg	13.153437322465837	0.0	n	16	a	n_16	50
4	C12.jpg	7.9755221405757775	1.0	n	16	a	n_16	50
5	D7.jpg	7.993494263362662	0.0	n	16	a	n_16	50
6	D12.jpg	9.242154012728859	0.0	n	16	a	n_16	50
7	E1.jpg	7.702487051335992	0.0	n	16	a	n_16	50
8	E5.jpg	10.516166076806256	0.0	n	16	a	n_16	50
9	E7.jpg	8.14453392505675	0.0	n	16	a	n_16	50
1	A10.jpg	10.110781895938999	0.0	n	16	b	n_16	50
2	B4.jpg	10.260306051246516	1.0	n	16	b	n_16	50
3	B9.jpg	7.283332428351059	0.0	n	16	b	n_16	50
4	C6.jpg	8.465082570784944	0.0	n	16	b	n_16	50
5	C10.jpg	8.180338776459394	0.0	n	16	b	n_16	50
6	D8.jpg	8.328083630018227	0.0	n	16	b	n_16	50
7	E2.jpg	6.376469210503273	0.0	n	16	b	n_16	50
8	E4.jpg	4.535070195499428	0.0	n	16	b	n_16	50
9	E9.jpg	7.004642150041037	0.0	n	16	b	n_16	50
1	A11.jpg	40.08831912641653	0.0	y	21	a	y_21	51
2	B12.jpg	51.32159378429151	0.0	y	21	a	y_21	51
3	C4.jpg	17.05433152930618	1.0	y	21	a	y_21	51
4	C12.jpg	7.733316395252586	0.0	y	21	a	y_21	51
5	D7.jpg	10.849879164215055	1.0	y	21	a	y_21	51
6	D12.jpg	12.12607808050234	0.0	y	21	a	y_21	51
7	E1.jpg	5.793246000910585	0.0	y	21	a	y_21	51
8	E5.jpg	10.843489698567284	0.0	y	21	a	y_21	51
9	E7.jpg	8.667994563606044	0.0	y	21	a	y_21	51
1	A10.jpg	17.308881308625132	1.0	y	21	b	y_21	51
2	B4.jpg	5.5853979152389	1.0	y	21	b	y_21	51
3	B9.jpg	43.1699213716438	0.0	y	21	b	y_21	51
4	C6.jpg	12.097741643204243	0.0	y	21	b	y_21	51
5	C10.jpg	7.4773013503463535	0.0	y	21	b	y_21	51
6	D8.jpg	9.129599823650095	1.0	y	21	b	y_21	51
7	E2.jpg	7.970609997843893	0.0	y	21	b	y_21	51
8	E4.jpg	5.581484327007273	0.0	y	21	b	y_21	51
9	E9.jpg	14.581247680131128	0.0	y	21	b	y_21	51
1	A11.jpg	29.91304564529128	0.0	low	15	a	low_15	52
2	B12.jpg	12.49678338544436	0.0	low	15	a	low_15	52
3	C4.jpg	14.508285882393466	0.0	low	15	a	low_15	52
4	C12.jpg	13.732306999074352	1.0	low	15	a	low_15	52
5	D7.jpg	9.301247826009783	0.0	low	15	a	low_15	52
6	D12.jpg	9.514313894251243	0.0	low	15	a	low_15	52
7	E1.jpg	8.230771225684293	0.0	low	15	a	low_15	52
8	E5.jpg	14.921149179919665	0.0	low	15	a	low_15	52
9	E7.jpg	9.449640815426392	0.0	low	15	a	low_15	52
1	A10.jpg	39.71782534488011	0.0	low	15	b	low_15	52
2	B4.jpg	6.0224737540793285	1.0	low	15	b	low_15	52
3	B9.jpg	6.783876972800499	0.0	low	15	b	low_15	52
4	C6.jpg	4.863184472722423	0.0	low	15	b	low_15	52
5	C10.jpg	11.887503180954807	1.0	low	15	b	low_15	52
6	D8.jpg	5.497556945179894	0.0	low	15	b	low_15	52
7	E2.jpg	18.660549507012547	1.0	low	15	b	low_15	52
8	E4.jpg	12.572630330025275	0.0	low	15	b	low_15	52
9	E9.jpg	20.57321586895523	0.0	low	15	b	low_15	52
1	A11.jpg	27.254720154046478	0.0	n	17	a	n_17	53
2	B12.jpg	19.18301765686556	0.0	n	17	a	n_17	53
3	C4.jpg	13.367493279499286	0.0	n	17	a	n_17	53
4	C12.jpg	8.230299835239746	0.0	n	17	a	n_17	53
5	D7.jpg	5.274291662851283	0.0	n	17	a	n_17	53
6	D12.jpg	9.061579400782648	0.0	n	17	a	n_17	53
7	E1.jpg	4.367199092965166	0.0	n	17	a	n_17	53
8	E5.jpg	4.549965110935773	0.0	n	17	a	n_17	53
9	E7.jpg	3.0015013238389656	0.0	n	17	a	n_17	53
1	A10.jpg	8.587193889997254	1.0	n	17	b	n_17	53
2	B4.jpg	2.9999675827511965	0.0	n	17	b	n_17	53
3	B9.jpg	2.414094290431421	0.0	n	17	b	n_17	53
4	C6.jpg	4.461294615251064	1.0	n	17	b	n_17	53
5	C10.jpg	4.660832507368468	0.0	n	17	b	n_17	53
6	D8.jpg	2.426089077737742	0.0	n	17	b	n_17	53
7	E2.jpg	3.39483722894056	0.0	n	17	b	n_17	53
8	E4.jpg	2.794599448419831	0.0	n	17	b	n_17	53
9	E9.jpg	2.143834522911675	0.0	n	17	b	n_17	53
1	A11.jpg	19.56477776760221	0.0	y	22	a	y_22	54
2	B12.jpg	30.3191222867772	1.0	y	22	a	y_22	54
3	C4.jpg	9.005370727711123	1.0	y	22	a	y_22	54
4	C12.jpg	27.49500328629801	0.0	y	22	a	y_22	54
5	D7.jpg	16.815033661259804	0.0	y	22	a	y_22	54
6	D12.jpg	18.068874902646712	0.0	y	22	a	y_22	54
7	E1.jpg	7.748708375238492	0.0	y	22	a	y_22	54
8	E5.jpg	6.804410934015322	0.0	y	22	a	y_22	54
9	E7.jpg	4.6496347791708095	0.0	y	22	a	y_22	54
1	A10.jpg	6.541659406553662	1.0	y	22	b	y_22	54
2	B4.jpg	4.610003881965895	1.0	y	22	b	y_22	54
3	B9.jpg	12.50773435037081	1.0	y	22	b	y_22	54
4	C6.jpg	6.61276177941545	1.0	y	22	b	y_22	54
5	C10.jpg	17.086156132816537	0.0	y	22	b	y_22	54
6	D8.jpg	11.37828336079292	1.0	y	22	b	y_22	54
7	E2.jpg	14.724375583004074	0.0	y	22	b	y_22	54
8	E4.jpg	7.775346844300658	0.0	y	22	b	y_22	54
9	E9.jpg	6.25140265383925	0.0	y	22	b	y_22	54
1	A11.jpg	36.321607879335716	0.0	low	16	a	low_16	55
2	B12.jpg	26.39776207522209	0.0	low	16	a	low_16	55
3	C4.jpg	9.634017769514683	0.0	low	16	a	low_16	55
4	C12.jpg	10.447074383809197	0.0	low	16	a	low_16	55
5	D7.jpg	7.214152803565412	0.0	low	16	a	low_16	55
6	D12.jpg	10.953527442416997	0.0	low	16	a	low_16	55
7	E1.jpg	7.1419138009141525	0.0	low	16	a	low_16	55
8	E5.jpg	14.65203000864676	0.0	low	16	a	low_16	55
9	E7.jpg	12.78330527890648	0.0	low	16	a	low_16	55
1	A10.jpg	7.94556981824462	1.0	low	16	b	low_16	55
2	B4.jpg	13.943984209558039	1.0	low	16	b	low_16	55
3	B9.jpg	6.91229189139267	0.0	low	16	b	low_16	55
4	C6.jpg	5.094881640571657	0.0	low	16	b	low_16	55
5	C10.jpg	5.296687929680047	0.0	low	16	b	low_16	55
6	D8.jpg	12.017880949274511	0.0	low	16	b	low_16	55
7	E2.jpg	10.431834629887817	0.0	low	16	b	low_16	55
8	E4.jpg	7.540948253155875	0.0	low	16	b	low_16	55
9	E9.jpg	4.562455071718432	0.0	low	16	b	low_16	55
1	A11.jpg	36.81417906153547	0.0	y	23	a	y_23	56
2	B12.jpg	33.599421676281054	0.0	y	23	a	y_23	56
3	C4.jpg	21.71719637802016	1.0	y	23	a	y_23	56
4	C12.jpg	16.287857471081225	0.0	y	23	a	y_23	56
5	D7.jpg	16.841394962846607	0.0	y	23	a	y_23	56
6	D12.jpg	29.51849606657197	0.0	y	23	a	y_23	56
7	E1.jpg	16.3913596685652	1.0	y	23	a	y_23	56
8	E5.jpg	13.087922872880881	0.0	y	23	a	y_23	56
9	E7.jpg	23.792942521786248	0.0	y	23	a	y_23	56
1	A10.jpg	18.057642731120726	1.0	y	23	b	y_23	56
2	B4.jpg	9.275756517285117	0.0	y	23	b	y_23	56
3	B9.jpg	13.09591534559695	0.0	y	23	b	y_23	56
4	C6.jpg	14.006233836962563	0.0	y	23	b	y_23	56
5	C10.jpg	8.877621643699968	0.0	y	23	b	y_23	56
6	D8.jpg	9.046962058040664	0.0	y	23	b	y_23	56
7	E2.jpg	13.713555515754704	0.0	y	23	b	y_23	56
8	E4.jpg	18.102851015995842	0.0	y	23	b	y_23	56
9	E9.jpg	13.588283919989408	0.0	y	23	b	y_23	56
1	A11.jpg	38.45813862644263	0.0	low	17	a	low_17	57
2	B12.jpg	22.652547681914253	0.0	low	17	a	low_17	57
3	C4.jpg	16.384534559359054	0.0	low	17	a	low_17	57
4	C12.jpg	36.935330162913495	1.0	low	17	a	low_17	57
5	D7.jpg	9.91711605260025	0.0	low	17	a	low_17	57
6	D12.jpg	13.095752026491027	0.0	low	17	a	low_17	57
7	E1.jpg	20.19572479589169	0.0	low	17	a	low_17	57
8	E5.jpg	8.780961434663368	0.0	low	17	a	low_17	57
9	E7.jpg	8.521638196102685	0.0	low	17	a	low_17	57
1	A10.jpg	16.41015117845291	0.0	low	17	b	low_17	57
2	B4.jpg	9.173942342446935	0.0	low	17	b	low_17	57
3	B9.jpg	8.095220786672144	0.0	low	17	b	low_17	57
4	C6.jpg	18.831038182811426	0.0	low	17	b	low_17	57
5	C10.jpg	5.5293908125904645	0.0	low	17	b	low_17	57
6	D8.jpg	17.235323841524405	0.0	low	17	b	low_17	57
7	E2.jpg	14.977310265125196	0.0	low	17	b	low_17	57
8	E4.jpg	7.637497102696216	0.0	low	17	b	low_17	57
9	E9.jpg	8.504336635043726	0.0	low	17	b	low_17	57
1	A11.jpg	11.111358968997592	1.0	y	24	a	y_24	58
2	B12.jpg	44.20996413016837	0.0	y	24	a	y_24	58
3	C4.jpg	15.28345271033504	1.0	y	24	a	y_24	58
4	C12.jpg	79.60774686240256	0.0	y	24	a	y_24	58
5	D7.jpg	20.34588939513924	1.0	y	24	a	y_24	58
6	D12.jpg	70.99222185482542	0.0	y	24	a	y_24	58
7	E1.jpg	9.167913114937619	1.0	y	24	a	y_24	58
8	E5.jpg	146.7039243670097	0.0	y	24	a	y_24	58
9	E7.jpg	51.789800033389845	1.0	y	24	a	y_24	58
1	A10.jpg	7.463436842028386	1.0	y	24	b	y_24	58
2	B4.jpg	5.753780676972383	1.0	y	24	b	y_24	58
3	B9.jpg	7.604437453095669	1.0	y	24	b	y_24	58
4	C6.jpg	7.837810983981399	1.0	y	24	b	y_24	58
5	C10.jpg	45.50939496201499	1.0	y	24	b	y_24	58
6	D8.jpg	14.67423369365315	0.0	y	24	b	y_24	58
7	E2.jpg	20.9988840316837	1.0	y	24	b	y_24	58
8	E4.jpg	31.72158495055555	1.0	y	24	b	y_24	58
9	E9.jpg	21.002260301838763	1.0	y	24	b	y_24	58
1	A11.jpg	16.16116856325607	0.0	y	25	a	y_25	59
2	B12.jpg	27.896769699629655	0.0	y	25	a	y_25	59
3	C4.jpg	29.05842532632596	0.0	y	25	a	y_25	59
4	C12.jpg	27.408595980875358	0.0	y	25	a	y_25	59
5	D7.jpg	31.407601593450643	0.0	y	25	a	y_25	59
6	D12.jpg	31.629948485544446	0.0	y	25	a	y_25	59
7	E1.jpg	12.801386307357461	1.0	y	25	a	y_25	59
8	E5.jpg	22.68962712902885	0.0	y	25	a	y_25	59
9	E7.jpg	25.43472762334568	0.0	y	25	a	y_25	59
1	A10.jpg	12.099363778445875	1.0	y	25	b	y_25	59
2	B4.jpg	8.556721212098639	1.0	y	25	b	y_25	59
3	B9.jpg	12.118458124092285	1.0	y	25	b	y_25	59
4	C6.jpg	13.666537809615875	0.0	y	25	b	y_25	59
5	C10.jpg	19.22187765793024	0.0	y	25	b	y_25	59
6	D8.jpg	22.31617873202231	1.0	y	25	b	y_25	59
7	E2.jpg	3.5808215325805577	0.0	y	25	b	y_25	59
8	E4.jpg	23.043941469723908	0.0	y	25	b	y_25	59
9	E9.jpg	16.975693021985535	0.0	y	25	b	y_25	59
1	A11.jpg	21.50305913930788	0.0	low	18	a	low_18	60
2	B12.jpg	20.63424007365211	0.0	low	18	a	low_18	60
3	C4.jpg	13.241607779398693	0.0	low	18	a	low_18	60
4	C12.jpg	10.638129692595612	0.0	low	18	a	low_18	60
5	D7.jpg	11.209345296778338	0.0	low	18	a	low_18	60
6	D12.jpg	18.665040150315694	0.0	low	18	a	low_18	60
7	E1.jpg	5.934095697026351	0.0	low	18	a	low_18	60
8	E5.jpg	12.763403463175564	1.0	low	18	a	low_18	60
9	E7.jpg	7.671828242468108	1.0	low	18	a	low_18	60
1	A10.jpg	6.447428552210113	1.0	low	18	b	low_18	60
2	B4.jpg	4.296476570101731	1.0	low	18	b	low_18	60
3	B9.jpg	6.3712849762814585	0.0	low	18	b	low_18	60
4	C6.jpg	7.438849833315544	0.0	low	18	b	low_18	60
5	C10.jpg	7.392029745718901	0.0	low	18	b	low_18	60
6	D8.jpg	11.22235985884072	0.0	low	18	b	low_18	60
7	E2.jpg	8.820514285505851	0.0	low	18	b	low_18	60
8	E4.jpg	10.141468427389556	0.0	low	18	b	low_18	60
9	E9.jpg	7.7933059978095125	0.0	low	18	b	low_18	60
1	A11.jpg	27.33943599078157	0.0	n	18	a	n_18	61
2	B12.jpg	18.878454043873717	0.0	n	18	a	n_18	61
3	C4.jpg	7.1643061602244416	0.0	n	18	a	n_18	61
4	C12.jpg	12.12626831972375	1.0	n	18	a	n_18	61
5	D7.jpg	4.293453930413306	0.0	n	18	a	n_18	61
6	D12.jpg	3.3306051627496345	0.0	n	18	a	n_18	61
7	E1.jpg	2.807111667245408	0.0	n	18	a	n_18	61
8	E5.jpg	1.4824988086711528	1.0	n	18	a	n_18	61
9	E7.jpg	1.0674296305423925	1.0	n	18	a	n_18	61
1	A10.jpg	6.9773712311052805	1.0	n	18	b	n_18	61
2	B4.jpg	6.836083655613037	1.0	n	18	b	n_18	61
3	B9.jpg	2.7909480872294807	0.0	n	18	b	n_18	61
4	C6.jpg	4.222543106663578	0.0	n	18	b	n_18	61
5	C10.jpg	1.6137249213079483	0.0	n	18	b	n_18	61
6	D8.jpg	2.9267539281445356	0.0	n	18	b	n_18	61
7	E2.jpg	3.743101637388463	0.0	n	18	b	n_18	61
8	E4.jpg	2.113010123866843	0.0	n	18	b	n_18	61
9	E9.jpg	1.208712748679318	0.0	n	18	b	n_18	61
1	A11.jpg	9.428072899613909	0.0	low	19	a	low_19	62
2	B12.jpg	49.10207015712578	0.0	low	19	a	low_19	62
3	C4.jpg	42.90587203667025	0.0	low	19	a	low_19	62
4	C12.jpg	40.54293849824461	0.0	low	19	a	low_19	62
5	D7.jpg	14.84065892653956	0.0	low	19	a	low_19	62
6	D12.jpg	12.347978711678875	0.0	low	19	a	low_19	62
7	E1.jpg	19.624734990064155	0.0	low	19	a	low_19	62
8	E5.jpg	12.36110035042907	0.0	low	19	a	low_19	62
9	E7.jpg	10.65708970464766	0.0	low	19	a	low_19	62
1	A10.jpg	24.192404507276024	0.0	low	19	b	low_19	62
2	B4.jpg	9.856643401981957	0.0	low	19	b	low_19	62
3	B9.jpg	11.942277270089676	0.0	low	19	b	low_19	62
4	C6.jpg	20.872093805412987	0.0	low	19	b	low_19	62
5	C10.jpg	8.732542166565622	0.0	low	19	b	low_19	62
6	D8.jpg	11.601806362831779	0.0	low	19	b	low_19	62
7	E2.jpg	12.638675971459918	0.0	low	19	b	low_19	62
8	E4.jpg	16.461947977009803	0.0	low	19	b	low_19	62
9	E9.jpg	11.555404906006515	0.0	low	19	b	low_19	62
1	A11.jpg	20.182234259686087	0.0	n	192	a	n_192	63
2	B12.jpg	22.075862764810157	0.0	n	192	a	n_192	63
3	C4.jpg	10.28343445370092	0.0	n	192	a	n_192	63
4	C12.jpg	14.126555452497088	1.0	n	192	a	n_192	63
5	D7.jpg	17.94312298432942	0.0	n	192	a	n_192	63
6	D12.jpg	11.105839858241325	0.0	n	192	a	n_192	63
7	E1.jpg	9.840049500557598	0.0	n	192	a	n_192	63
8	E5.jpg	8.23127044542025	0.0	n	192	a	n_192	63
9	E7.jpg	8.160964336987945	0.0	n	192	a	n_192	63
1	A10.jpg	15.792887009791231	0.0	n	192	b	n_192	63
2	B4.jpg	10.010165929790674	0.0	n	192	b	n_192	63
3	B9.jpg	7.986256463619611	0.0	n	192	b	n_192	63
4	C6.jpg	8.353597927913597	0.0	n	192	b	n_192	63
5	C10.jpg	8.451600603115821	0.0	n	192	b	n_192	63
6	D8.jpg	11.560768458063647	0.0	n	192	b	n_192	63
7	E2.jpg	10.597046985413726	0.0	n	192	b	n_192	63
8	E4.jpg	11.33705965230456	0.0	n	192	b	n_192	63
9	E9.jpg	12.15382249576669	0.0	n	192	b	n_192	63
1	A11.jpg	80.49786109453089	1.0	low	20	a	low_20	64
2	B12.jpg	24.535936326787123	0.0	low	20	a	low_20	64
3	C4.jpg	34.804662842287144	0.0	low	20	a	low_20	64
4	C12.jpg	24.970543602510592	0.0	low	20	a	low_20	64
5	D7.jpg	8.447598740767717	0.0	low	20	a	low_20	64
6	D12.jpg	23.02297302389889	0.0	low	20	a	low_20	64
7	E1.jpg	5.425804070018785	0.0	low	20	a	low_20	64
8	E5.jpg	14.45727274458477	0.0	low	20	a	low_20	64
9	E7.jpg	6.385668745804651	0.0	low	20	a	low_20	64
1	A10.jpg	13.46923213759692	0.0	low	20	b	low_20	64
2	B4.jpg	8.967449412464703	0.0	low	20	b	low_20	64
3	B9.jpg	4.358044306565716	0.0	low	20	b	low_20	64
4	C6.jpg	4.6539077926499886	0.0	low	20	b	low_20	64
5	C10.jpg	8.560581250651012	0.0	low	20	b	low_20	64
6	D8.jpg	5.164146052577053	0.0	low	20	b	low_20	64
7	E2.jpg	6.273418046714141	0.0	low	20	b	low_20	64
8	E4.jpg	15.614569923387535	0.0	low	20	b	low_20	64
9	E9.jpg	9.485693828355581	0.0	low	20	b	low_20	64
1	A11.jpg	25.015824138953576	0.0	low	21	a	low_21	65
2	B12.jpg	23.604797691234133	1.0	low	21	a	low_21	65
3	C4.jpg	30.260410841669003	0.0	low	21	a	low_21	65
4	C12.jpg	13.919351636186548	0.0	low	21	a	low_21	65
5	D7.jpg	18.637204535839373	0.0	low	21	a	low_21	65
6	D12.jpg	13.38200397761193	0.0	low	21	a	low_21	65
7	E1.jpg	7.377008864533309	0.0	low	21	a	low_21	65
8	E5.jpg	8.343944352324797	0.0	low	21	a	low_21	65
9	E7.jpg	13.935667708885374	0.0	low	21	a	low_21	65
1	A10.jpg	9.693685742674461	0.0	low	21	b	low_21	65
2	B4.jpg	5.644754138484132	0.0	low	21	b	low_21	65
3	B9.jpg	9.330093621394553	0.0	low	21	b	low_21	65
4	C6.jpg	11.672898908020215	0.0	low	21	b	low_21	65
5	C10.jpg	8.348617317688877	0.0	low	21	b	low_21	65
6	D8.jpg	10.270602055586096	0.0	low	21	b	low_21	65
7	E2.jpg	11.194520490214927	1.0	low	21	b	low_21	65
8	E4.jpg	9.38100106491038	0.0	low	21	b	low_21	65
9	E9.jpg	6.120860908366012	0.0	low	21	b	low_21	65
1	A11.jpg	30.08488219619494	0.0	y	26	a	y_26	66
2	B12.jpg	21.68549844559925	0.0	y	26	a	y_26	66
3	C4.jpg	20.697305570233308	0.0	y	26	a	y_26	66
4	C12.jpg	14.105871469370642	1.0	y	26	a	y_26	66
5	D7.jpg	15.124401904181466	0.0	y	26	a	y_26	66
6	D12.jpg	16.32454316177109	1.0	y	26	a	y_26	66
7	E1.jpg	11.661922691657992	0.0	y	26	a	y_26	66
8	E5.jpg	10.95730989791832	0.0	y	26	a	y_26	66
9	E7.jpg	12.413358364750819	0.0	y	26	a	y_26	66
1	A10.jpg	24.323136664084128	0.0	y	26	b	y_26	66
2	B4.jpg	9.415187095393776	0.0	y	26	b	y_26	66
3	B9.jpg	11.908640458507762	1.0	y	26	b	y_26	66
4	C6.jpg	7.240766794498086	0.0	y	26	b	y_26	66
5	C10.jpg	10.572254108059044	0.0	y	26	b	y_26	66
6	D8.jpg	13.87633315395851	0.0	y	26	b	y_26	66
7	E2.jpg	6.972978306464938	0.0	y	26	b	y_26	66
8	E4.jpg	10.136651927683943	0.0	y	26	b	y_26	66
9	E9.jpg	8.750370770781728	0.0	y	26	b	y_26	66
1	A11.jpg	18.06421182641316	0.0	low	22	a	low_22	67
2	B12.jpg	18.829404513759986	0.0	low	22	a	low_22	67
3	C4.jpg	10.227369205035755	0.0	low	22	a	low_22	67
4	C12.jpg	6.115357528388812	0.0	low	22	a	low_22	67
5	D7.jpg	7.667932825248499	0.0	low	22	a	low_22	67
6	D12.jpg	5.689189134430307	0.0	low	22	a	low_22	67
7	E1.jpg	2.5692040625135637	0.0	low	22	a	low_22	67
8	E5.jpg	2.139021213761225	0.0	low	22	a	low_22	67
9	E7.jpg	7.750919835710193	0.0	low	22	a	low_22	67
1	A10.jpg	9.823522427783246	0.0	low	22	b	low_22	67
2	B4.jpg	4.069973563839085	0.0	low	22	b	low_22	67
3	B9.jpg	3.4741530217615946	0.0	low	22	b	low_22	67
4	C6.jpg	4.292780870011484	0.0	low	22	b	low_22	67
5	C10.jpg	3.138333970870008	0.0	low	22	b	low_22	67
6	D8.jpg	2.76672196486652	0.0	low	22	b	low_22	67
7	E2.jpg	1.8850703775624424	0.0	low	22	b	low_22	67
8	E4.jpg	3.195742254740253	1.0	low	22	b	low_22	67
9	E9.jpg	2.9833080209682517	0.0	low	22	b	low_22	67
1	A11.jpg	29.882179103678933	1.0	y	27	a	y_27	68
2	B12.jpg	83.17256268888104	1.0	y	27	a	y_27	68
3	C4.jpg	38.65088527454553	1.0	y	27	a	y_27	68
4	C12.jpg	59.995746046513894	0.0	y	27	a	y_27	68
5	D7.jpg	65.4201915697322	1.0	y	27	a	y_27	68
6	D12.jpg	77.40359961131708	0.0	y	27	a	y_27	68
7	E1.jpg	23.41710787893135	1.0	y	27	a	y_27	68
8	E5.jpg	131.84941377457562	0.0	y	27	a	y_27	68
9	E7.jpg	46.346563893182065	1.0	y	27	a	y_27	68
1	A10.jpg	40.53049206952528	1.0	y	27	b	y_27	68
2	B4.jpg	13.514024512302965	1.0	y	27	b	y_27	68
3	B9.jpg	6.008098639204945	1.0	y	27	b	y_27	68
4	C6.jpg	41.17443235371047	1.0	y	27	b	y_27	68
5	C10.jpg	46.44595072091943	0.0	y	27	b	y_27	68
6	D8.jpg	14.436630356646676	1.0	y	27	b	y_27	68
7	E2.jpg	47.54916724139729	1.0	y	27	b	y_27	68
8	E4.jpg	36.012417021973306	1.0	y	27	b	y_27	68
9	E9.jpg	30.299940595391487	0.0	y	27	b	y_27	68
1	A11.jpg	26.076843872857356	0.0	y	28	a	y_28	69
2	B12.jpg	33.161114537433605	0.0	y	28	a	y_28	69
3	C4.jpg	20.761373389166693	0.0	y	28	a	y_28	69
4	C12.jpg	9.36288759886338	1.0	y	28	a	y_28	69
5	D7.jpg	7.381672989380604	0.0	y	28	a	y_28	69
6	D12.jpg	11.377597735980089	0.0	y	28	a	y_28	69
7	E1.jpg	6.3234463425633285	0.0	y	28	a	y_28	69
8	E5.jpg	11.07993647839976	0.0	y	28	a	y_28	69
9	E7.jpg	5.028608222148249	0.0	y	28	a	y_28	69
1	A10.jpg	9.899715214469325	0.0	y	28	b	y_28	69
2	B4.jpg	5.922180367952024	0.0	y	28	b	y_28	69
3	B9.jpg	3.667157517844316	0.0	y	28	b	y_28	69
4	C6.jpg	8.743089655576114	0.0	y	28	b	y_28	69
5	C10.jpg	4.6153843348511145	0.0	y	28	b	y_28	69
6	D8.jpg	5.628349208331201	0.0	y	28	b	y_28	69
7	E2.jpg	4.573281217202748	0.0	y	28	b	y_28	69
8	E4.jpg	9.545919843489173	0.0	y	28	b	y_28	69
9	E9.jpg	7.183713412070575	0.0	y	28	b	y_28	69
1	A11.jpg	31.536396466195587	0.0	low	23	a	low_23	70
2	B12.jpg	27.933772370941373	0.0	low	23	a	low_23	70
3	C4.jpg	34.02489401585626	1.0	low	23	a	low_23	70
4	C12.jpg	18.909852493412476	0.0	low	23	a	low_23	70
5	D7.jpg	21.442916871637863	1.0	low	23	a	low_23	70
6	D12.jpg	20.781597295104802	0.0	low	23	a	low_23	70
7	E1.jpg	11.978843287725795	0.0	low	23	a	low_23	70
8	E5.jpg	13.539246752804502	0.0	low	23	a	low_23	70
9	E7.jpg	18.301339804897	1.0	low	23	a	low_23	70
1	A10.jpg	19.8616751937534	1.0	low	23	b	low_23	70
2	B4.jpg	7.143273299289831	1.0	low	23	b	low_23	70
3	B9.jpg	8.228154218578311	1.0	low	23	b	low_23	70
4	C6.jpg	12.488713934798398	1.0	low	23	b	low_23	70
5	C10.jpg	12.359144217046378	1.0	low	23	b	low_23	70
6	D8.jpg	8.790357651402699	1.0	low	23	b	low_23	70
7	E2.jpg	17.386030678063435	1.0	low	23	b	low_23	70
8	E4.jpg	13.060198020764801	0.0	low	23	b	low_23	70
9	E9.jpg	18.74891057782952	0.0	low	23	b	low_23	70
1	A11.jpg	36.42342194858611	0.0	low	24	a	low_24	71
2	B12.jpg	21.469375424969254	0.0	low	24	a	low_24	71
3	C4.jpg	8.035206347945861	0.0	low	24	a	low_24	71
4	C12.jpg	23.463365672239892	0.0	low	24	a	low_24	71
5	D7.jpg	10.227150094293393	0.0	low	24	a	low_24	71
6	D12.jpg	8.561768636473062	0.0	low	24	a	low_24	71
7	E1.jpg	7.939179568056716	0.0	low	24	a	low_24	71
8	E5.jpg	7.377581527354777	0.0	low	24	a	low_24	71
9	E7.jpg	4.89848943724428	0.0	low	24	a	low_24	71
1	A10.jpg	11.17810887495216	1.0	low	24	b	low_24	71
2	B4.jpg	7.415800653368933	0.0	low	24	b	low_24	71
3	B9.jpg	3.0503379092988325	0.0	low	24	b	low_24	71
4	C6.jpg	5.538632851155853	1.0	low	24	b	low_24	71
5	C10.jpg	3.8517028375645173	0.0	low	24	b	low_24	71
6	D8.jpg	3.9654180893121516	0.0	low	24	b	low_24	71
7	E2.jpg	4.313877175907692	0.0	low	24	b	low_24	71
8	E4.jpg	3.780454992298474	1.0	low	24	b	low_24	71
9	E9.jpg	3.631169103769935	1.0	low	24	b	low_24	71
1	A11.jpg	18.015812856947374	1.0	y	29	a	y_29	72
2	B12.jpg	8.439040085063425	0.0	y	29	a	y_29	72
3	C4.jpg	12.542558114468193	1.0	y	29	a	y_29	72
4	C12.jpg	10.98844518320402	0.0	y	29	a	y_29	72
5	D7.jpg	12.728868037224855	0.0	y	29	a	y_29	72
6	D12.jpg	15.830438179399607	0.0	y	29	a	y_29	72
7	E1.jpg	12.026200238106869	1.0	y	29	a	y_29	72
8	E5.jpg	12.228924362651016	0.0	y	29	a	y_29	72
9	E7.jpg	10.681976511891662	0.0	y	29	a	y_29	72
1	A10.jpg	8.01945577481547	0.0	y	29	b	y_29	72
2	B4.jpg	8.514851272509077	1.0	y	29	b	y_29	72
3	B9.jpg	5.110456187327145	0.0	y	29	b	y_29	72
4	C6.jpg	5.677743595313586	0.0	y	29	b	y_29	72
5	C10.jpg	3.9865009429449856	1.0	y	29	b	y_29	72
6	D8.jpg	8.41723687718877	0.0	y	29	b	y_29	72
7	E2.jpg	7.859004085416927	0.0	y	29	b	y_29	72
8	E4.jpg	5.682019870314433	0.0	y	29	b	y_29	72
9	E9.jpg	4.69680954955038	1.0	y	29	b	y_29	72
1	A11.jpg	20.490377672114846	0.0	low	25	a	low_25	73
2	B12.jpg	21.618947549279255	0.0	low	25	a	low_25	73
3	C4.jpg	23.137767535641608	0.0	low	25	a	low_25	73
4	C12.jpg	10.572329951915892	0.0	low	25	a	low_25	73
5	D7.jpg	12.215445971760348	0.0	low	25	a	low_25	73
6	D12.jpg	19.674496171086503	0.0	low	25	a	low_25	73
7	E1.jpg	6.738391086480987	0.0	low	25	a	low_25	73
8	E5.jpg	14.366663127755599	1.0	low	25	a	low_25	73
9	E7.jpg	7.5575787684756515	0.0	low	25	a	low_25	73
1	A10.jpg	14.835327145370686	1.0	low	25	b	low_25	73
2	B4.jpg	11.056548702043074	1.0	low	25	b	low_25	73
3	B9.jpg	5.4598845450309454	0.0	low	25	b	low_25	73
4	C6.jpg	19.47355825142949	0.0	low	25	b	low_25	73
5	C10.jpg	11.4012809779706	0.0	low	25	b	low_25	73
6	D8.jpg	9.935410539415898	1.0	low	25	b	low_25	73
7	E2.jpg	8.646939665337412	0.0	low	25	b	low_25	73
8	E4.jpg	10.607817401883947	0.0	low	25	b	low_25	73
9	E9.jpg	13.534922574825034	0.0	low	25	b	low_25	73
1	A11.jpg	20.830893240217847	0.0	low	26	a	low_26	74
2	B12.jpg	37.03533427722505	0.0	low	26	a	low_26	74
3	C4.jpg	17.142066908123528	0.0	low	26	a	low_26	74
4	C12.jpg	20.117345313763508	0.0	low	26	a	low_26	74
5	D7.jpg	30.20694812630609	0.0	low	26	a	low_26	74
6	D12.jpg	22.25353654790524	0.0	low	26	a	low_26	74
7	E1.jpg	6.096446149247639	0.0	low	26	a	low_26	74
8	E5.jpg	8.022233550342207	0.0	low	26	a	low_26	74
9	E7.jpg	16.404741952555927	0.0	low	26	a	low_26	74
1	A10.jpg	20.103072693840662	1.0	low	26	b	low_26	74
2	B4.jpg	10.195172059993636	0.0	low	26	b	low_26	74
3	B9.jpg	9.916919590792533	0.0	low	26	b	low_26	74
4	C6.jpg	7.142615169286728	0.0	low	26	b	low_26	74
5	C10.jpg	4.548394887431642	0.0	low	26	b	low_26	74
6	D8.jpg	11.063750657467608	0.0	low	26	b	low_26	74
7	E2.jpg	19.30118745344953	0.0	low	26	b	low_26	74
8	E4.jpg	8.44836862925149	0.0	low	26	b	low_26	74
9	E9.jpg	5.0494804688532895	1.0	low	26	b	low_26	74
1	A11.jpg	21.208169407997048	0.0	low	27	a	low_27	75
2	B12.jpg	14.005210627427006	0.0	low	27	a	low_27	75
3	C4.jpg	34.18693505780993	1.0	low	27	a	low_27	75
4	C12.jpg	30.419263234543905	0.0	low	27	a	low_27	75
5	D7.jpg	22.77222114390679	0.0	low	27	a	low_27	75
6	D12.jpg	7.879991458121368	0.0	low	27	a	low_27	75
7	E1.jpg	13.631629833525945	0.0	low	27	a	low_27	75
8	E5.jpg	9.384842864674283	0.0	low	27	a	low_27	75
9	E7.jpg	11.516515042905667	0.0	low	27	a	low_27	75
1	A10.jpg	11.110539536380204	0.0	low	27	b	low_27	75
2	B4.jpg	5.0805760987032045	1.0	low	27	b	low_27	75
3	B9.jpg	2.7469018465935733	0.0	low	27	b	low_27	75
4	C6.jpg	17.51436903755166	1.0	low	27	b	low_27	75
5	C10.jpg	13.564198017619677	0.0	low	27	b	low_27	75
6	D8.jpg	11.254349044366789	0.0	low	27	b	low_27	75
7	E2.jpg	8.783083675163653	0.0	low	27	b	low_27	75
8	E4.jpg	7.5437639621022745	0.0	low	27	b	low_27	75
9	E9.jpg	4.011354864433997	0.0	low	27	b	low_27	75
1	A11.jpg	13.913482675750856	0.0	y	30	a	y_30	76
2	B12.jpg	14.900171040193527	0.0	y	30	a	y_30	76
3	C4.jpg	14.595931828669565	0.0	y	30	a	y_30	76
4	C12.jpg	24.948154277364665	0.0	y	30	a	y_30	76
5	D7.jpg	18.975558798156268	0.0	y	30	a	y_30	76
6	D12.jpg	17.329414658397578	0.0	y	30	a	y_30	76
7	E1.jpg	6.6989222563388475	0.0	y	30	a	y_30	76
8	E5.jpg	6.6245459087513145	0.0	y	30	a	y_30	76
9	E7.jpg	4.943076154417213	0.0	y	30	a	y_30	76
1	A10.jpg	5.4607748230155275	1.0	y	30	b	y_30	76
2	B4.jpg	3.5531887994402496	1.0	y	30	b	y_30	76
3	B9.jpg	5.1483681485151465	0.0	y	30	b	y_30	76
4	C6.jpg	6.2877170773972475	1.0	y	30	b	y_30	76
5	C10.jpg	8.463389659220411	0.0	y	30	b	y_30	76
6	D8.jpg	5.801015543547693	0.0	y	30	b	y_30	76
7	E2.jpg	3.34708070738634	0.0	y	30	b	y_30	76
8	E4.jpg	7.594404988005407	0.0	y	30	b	y_30	76
9	E9.jpg	7.895353874097054	0.0	y	30	b	y_30	76
1	A11.jpg	25.640048123033925	0.0	low	28	a	low_28	77
2	B12.jpg	32.067445593133016	0.0	low	28	a	low_28	77
3	C4.jpg	10.038398340897404	0.0	low	28	a	low_28	77
4	C12.jpg	7.329531764808053	0.0	low	28	a	low_28	77
5	D7.jpg	4.396478946575371	0.0	low	28	a	low_28	77
6	D12.jpg	5.883844218489685	0.0	low	28	a	low_28	77
7	E1.jpg	5.416999717566795	0.0	low	28	a	low_28	77
8	E5.jpg	4.895276478506276	0.0	low	28	a	low_28	77
9	E7.jpg	4.4282581414263396	0.0	low	28	a	low_28	77
1	A10.jpg	14.80083441356328	0.0	low	28	b	low_28	77
2	B4.jpg	8.089192537117924	1.0	low	28	b	low_28	77
3	B9.jpg	8.940491303939778	0.0	low	28	b	low_28	77
4	C6.jpg	5.939047937044961	0.0	low	28	b	low_28	77
5	C10.jpg	6.085327215165307	0.0	low	28	b	low_28	77
6	D8.jpg	2.738554064057098	0.0	low	28	b	low_28	77
7	E2.jpg	3.6291815396543834	0.0	low	28	b	low_28	77
8	E4.jpg	3.351034365667146	1.0	low	28	b	low_28	77
9	E9.jpg	3.129531440641585	0.0	low	28	b	low_28	77
1	A11.jpg	10.542330320307883	0.0	n	20	a	n_20	78
2	B12.jpg	10.301023445189458	0.0	n	20	a	n_20	78
3	C4.jpg	6.089838851044076	0.0	n	20	a	n_20	78
4	C12.jpg	6.276455817048372	0.0	n	20	a	n_20	78
5	D7.jpg	4.216347001285612	0.0	n	20	a	n_20	78
6	D12.jpg	3.861909255903811	0.0	n	20	a	n_20	78
7	E1.jpg	3.203645615742971	0.0	n	20	a	n_20	78
8	E5.jpg	3.178263105281076	0.0	n	20	a	n_20	78
9	E7.jpg	3.1898043674618752	0.0	n	20	a	n_20	78
1	A10.jpg	4.718878971538288	0.0	n	20	b	n_20	78
2	B4.jpg	3.856453474920272	1.0	n	20	b	n_20	78
3	B9.jpg	2.728161579290827	0.0	n	20	b	n_20	78
4	C6.jpg	3.1105670908300453	1.0	n	20	b	n_20	78
5	C10.jpg	3.9490587116433744	0.0	n	20	b	n_20	78
6	D8.jpg	2.4150907615203323	0.0	n	20	b	n_20	78
7	E2.jpg	3.575283010534804	0.0	n	20	b	n_20	78
8	E4.jpg	3.8679266614017247	0.0	n	20	b	n_20	78
9	E9.jpg	3.297979488953388	1.0	n	20	b	n_20	78
1	A11.jpg	24.79833952025365	0.0	n	21	a	n_21	79
2	B12.jpg	13.851950753716665	0.0	n	21	a	n_21	79
3	C4.jpg	9.237453304325754	0.0	n	21	a	n_21	79
4	C12.jpg	8.580968547001248	0.0	n	21	a	n_21	79
5	D7.jpg	6.613704043331381	0.0	n	21	a	n_21	79
6	D12.jpg	6.48765580926738	0.0	n	21	a	n_21	79
7	E1.jpg	5.668947472709987	0.0	n	21	a	n_21	79
8	E5.jpg	3.296671057818457	0.0	n	21	a	n_21	79
9	E7.jpg	5.728952554074567	0.0	n	21	a	n_21	79
1	A10.jpg	11.970638708085973	0.0	n	21	b	n_21	79
2	B4.jpg	3.8720618548759376	1.0	n	21	b	n_21	79
3	B9.jpg	2.1887001634222543	0.0	n	21	b	n_21	79
4	C6.jpg	7.995953548061153	0.0	n	21	b	n_21	79
5	C10.jpg	3.4802533874753863	0.0	n	21	b	n_21	79
6	D8.jpg	3.3485256951316833	1.0	n	21	b	n_21	79
7	E2.jpg	2.9699255341001844	0.0	n	21	b	n_21	79
8	E4.jpg	2.7526505962105148	0.0	n	21	b	n_21	79
9	E9.jpg	2.2704453001624643	0.0	n	21	b	n_21	79
1	A11.jpg	23.07704912917689	1.0	low	29	a	low_29	80
2	B12.jpg	33.973608915650395	0.0	low	29	a	low_29	80
3	C4.jpg	11.920616441660966	1.0	low	29	a	low_29	80
4	C12.jpg	9.815492570225617	0.0	low	29	a	low_29	80
5	D7.jpg	11.87820082412145	0.0	low	29	a	low_29	80
6	D12.jpg	18.786875653659077	0.0	low	29	a	low_29	80
7	E1.jpg	5.869860335409613	1.0	low	29	a	low_29	80
8	E5.jpg	4.1766191582064485	0.0	low	29	a	low_29	80
9	E7.jpg	17.306373870927928	0.0	low	29	a	low_29	80
1	A10.jpg	8.190421911298474	0.0	low	29	b	low_29	80
2	B4.jpg	8.288568023628613	1.0	low	29	b	low_29	80
3	B9.jpg	5.10464491026505	1.0	low	29	b	low_29	80
4	C6.jpg	8.391996080783429	1.0	low	29	b	low_29	80
5	C10.jpg	5.828748286457994	0.0	low	29	b	low_29	80
6	D8.jpg	8.116315435232536	0.0	low	29	b	low_29	80
7	E2.jpg	17.577560304736835	0.0	low	29	b	low_29	80
8	E4.jpg	9.891707772098016	1.0	low	29	b	low_29	80
9	E9.jpg	17.586720538314694	0.0	low	29	b	low_29	80
1	A11.jpg	26.65706440740087	0.0	low	30	a	low_30	81
2	B12.jpg	28.4638839430072	0.0	low	30	a	low_30	81
3	C4.jpg	15.633924164708333	0.0	low	30	a	low_30	81
4	C12.jpg	24.550338314513283	0.0	low	30	a	low_30	81
5	D7.jpg	17.207945305617613	0.0	low	30	a	low_30	81
6	D12.jpg	11.617636523217698	0.0	low	30	a	low_30	81
7	E1.jpg	13.604372600617351	0.0	low	30	a	low_30	81
8	E5.jpg	21.783473848600806	0.0	low	30	a	low_30	81
9	E7.jpg	23.11707894653682	0.0	low	30	a	low_30	81
1	A10.jpg	13.090689279859363	1.0	low	30	b	low_30	81
2	B4.jpg	7.150059039914595	1.0	low	30	b	low_30	81
3	B9.jpg	14.360349328274426	1.0	low	30	b	low_30	81
4	C6.jpg	19.994392221156886	1.0	low	30	b	low_30	81
5	C10.jpg	24.286789727945692	0.0	low	30	b	low_30	81
6	D8.jpg	13.140821744841562	1.0	low	30	b	low_30	81
7	E2.jpg	21.96411329504281	0.0	low	30	b	low_30	81
8	E4.jpg	29.23671318271681	1.0	low	30	b	low_30	81
9	E9.jpg	13.57910781247665	1.0	low	30	b	low_30	81
1	A11.jpg	40.99483552703532	0.0	n	22	a	n_22	82
2	B12.jpg	40.19597564167998	1.0	n	22	a	n_22	82
3	C4.jpg	18.24007201491986	1.0	n	22	a	n_22	82
4	C12.jpg	14.726833620901745	0.0	n	22	a	n_22	82
5	D7.jpg	12.207749991692252	0.0	n	22	a	n_22	82
6	D12.jpg	40.84885660311193	1.0	n	22	a	n_22	82
7	E1.jpg	14.700098710520251	0.0	n	22	a	n_22	82
8	E5.jpg	15.497623005223431	0.0	n	22	a	n_22	82
9	E7.jpg	23.331673435117413	0.0	n	22	a	n_22	82
1	A10.jpg	20.478741578604968	0.0	n	22	b	n_22	82
2	B4.jpg	32.23074233068837	0.0	n	22	b	n_22	82
3	B9.jpg	9.499424593832373	0.0	n	22	b	n_22	82
4	C6.jpg	8.1921475698	0.0	n	22	b	n_22	82
5	C10.jpg	6.640961949444318	0.0	n	22	b	n_22	82
6	D8.jpg	10.351069890781217	0.0	n	22	b	n_22	82
7	E2.jpg	12.989427924705524	0.0	n	22	b	n_22	82
8	E4.jpg	9.256139624332716	0.0	n	22	b	n_22	82
9	E9.jpg	15.722315872051695	0.0	n	22	b	n_22	82
1	A11.jpg	56.190904368308104	0.0	n	23	a	n_23	83
2	B12.jpg	6.794066589893191	0.0	n	23	a	n_23	83
3	C4.jpg	0.5192923152462754	0.0	n	23	a	n_23	83
4	C12.jpg	4.8586064959272335	0.0	n	23	a	n_23	83
5	D7.jpg	0.4186922719709401	0.0	n	23	a	n_23	83
6	D12.jpg	0.3862231554776372	0.0	n	23	a	n_23	83
7	E1.jpg	0.6260074673118652	0.0	n	23	a	n_23	83
8	E5.jpg	4.034778845474648	0.0	n	23	a	n_23	83
9	E7.jpg	0.6609143609239254	0.0	n	23	a	n_23	83
1	A10.jpg	20.900130155256196	0.0	n	23	b	n_23	83
2	B4.jpg	5.058823124196352	0.0	n	23	b	n_23	83
3	B9.jpg	0.6300450356611691	0.0	n	23	b	n_23	83
4	C6.jpg	0.5466771914652782	0.0	n	23	b	n_23	83
5	C10.jpg	12.307305794340207	0.0	n	23	b	n_23	83
6	D8.jpg	0.3844025217404123	0.0	n	23	b	n_23	83
7	E2.jpg	4.287062843268359	0.0	n	23	b	n_23	83
8	E4.jpg	0.8840183773354511	0.0	n	23	b	n_23	83
9	E9.jpg	0.6346361285359308	0.0	n	23	b	n_23	83
1	A11.jpg	88.58231587853516	0.0	n	24	a	n_24	84
2	B12.jpg	16.701094600502984	0.0	n	24	a	n_24	84
3	C4.jpg	10.563342614050269	0.0	n	24	a	n_24	84
4	C12.jpg	17.853255943150547	0.0	n	24	a	n_24	84
5	D7.jpg	5.0289305510359545	0.0	n	24	a	n_24	84
6	D12.jpg	11.337529443752828	0.0	n	24	a	n_24	84
7	E1.jpg	5.836856588410227	0.0	n	24	a	n_24	84
8	E5.jpg	5.082142244982606	0.0	n	24	a	n_24	84
9	E7.jpg	11.01247851867356	0.0	n	24	a	n_24	84
1	A10.jpg	8.71217594650534	0.0	n	24	b	n_24	84
2	B4.jpg	7.701907861973268	0.0	n	24	b	n_24	84
3	B9.jpg	8.622869139461727	0.0	n	24	b	n_24	84
4	C6.jpg	5.672365845287459	0.0	n	24	b	n_24	84
5	C10.jpg	3.8102604665373283	1.0	n	24	b	n_24	84
6	D8.jpg	10.608412778618913	0.0	n	24	b	n_24	84
7	E2.jpg	4.479288171321059	0.0	n	24	b	n_24	84
8	E4.jpg	5.748815259978072	0.0	n	24	b	n_24	84
9	E9.jpg	3.6165020355856536	0.0	n	24	b	n_24	84
1	A11.jpg	21.50772068492006	0.0	n	25	a	n_25	85
2	B12.jpg	14.559317803222255	0.0	n	25	a	n_25	85
3	C4.jpg	14.979491873698864	0.0	n	25	a	n_25	85
4	C12.jpg	9.778785672230695	1.0	n	25	a	n_25	85
5	D7.jpg	19.543234579396998	0.0	n	25	a	n_25	85
6	D12.jpg	8.602844337036004	0.0	n	25	a	n_25	85
7	E1.jpg	5.6164744143788985	0.0	n	25	a	n_25	85
8	E5.jpg	6.635687081594369	0.0	n	25	a	n_25	85
9	E7.jpg	11.165944783539091	0.0	n	25	a	n_25	85
1	A10.jpg	9.66891275040507	0.0	n	25	b	n_25	85
2	B4.jpg	8.784314369060668	0.0	n	25	b	n_25	85
3	B9.jpg	7.8926851742671715	0.0	n	25	b	n_25	85
4	C6.jpg	3.762622216657292	1.0	n	25	b	n_25	85
5	C10.jpg	8.674076757470175	0.0	n	25	b	n_25	85
6	D8.jpg	5.847286161118062	0.0	n	25	b	n_25	85
7	E2.jpg	4.563085048489484	0.0	n	25	b	n_25	85
8	E4.jpg	7.1809440683409775	0.0	n	25	b	n_25	85
9	E9.jpg	4.080806337173272	1.0	n	25	b	n_25	85
1	A11.jpg	28.925532376144474	0.0	n	26	a	n_26	86
2	B12.jpg	23.632229417415147	0.0	n	26	a	n_26	86
3	C4.jpg	7.875676854071572	0.0	n	26	a	n_26	86
4	C12.jpg	11.73816652626192	0.0	n	26	a	n_26	86
5	D7.jpg	13.72810068355102	0.0	n	26	a	n_26	86
6	D12.jpg	17.904193567601396	0.0	n	26	a	n_26	86
7	E1.jpg	8.604442488627683	0.0	n	26	a	n_26	86
8	E5.jpg	3.73855674430888	0.0	n	26	a	n_26	86
9	E7.jpg	4.590651137366876	1.0	n	26	a	n_26	86
1	A10.jpg	12.415449311973136	1.0	n	26	b	n_26	86
2	B4.jpg	3.2612904912002705	1.0	n	26	b	n_26	86
3	B9.jpg	4.002648458112162	0.0	n	26	b	n_26	86
4	C6.jpg	2.5904485319406376	1.0	n	26	b	n_26	86
5	C10.jpg	2.6374063912298884	0.0	n	26	b	n_26	86
6	D8.jpg	3.654220615424492	0.0	n	26	b	n_26	86
7	E2.jpg	2.684114235422385	0.0	n	26	b	n_26	86
8	E4.jpg	3.4173501560671866	0.0	n	26	b	n_26	86
9	E9.jpg	4.487552530521499	0.0	n	26	b	n_26	86
1	A11.jpg	95.62767434340368	0.0	n	27	a	n_27	87
2	B12.jpg	17.241347968759328	0.0	n	27	a	n_27	87
3	C4.jpg	8.562913880448832	0.0	n	27	a	n_27	87
4	C12.jpg	23.768133342950026	0.0	n	27	a	n_27	87
5	D7.jpg	24.67049179796413	0.0	n	27	a	n_27	87
6	D12.jpg	23.7405436092522	0.0	n	27	a	n_27	87
7	E1.jpg	7.5536603017581	0.0	n	27	a	n_27	87
8	E5.jpg	11.683281316733884	0.0	n	27	a	n_27	87
9	E7.jpg	10.314568186588076	0.0	n	27	a	n_27	87
1	A10.jpg	10.861572767994403	1.0	n	27	b	n_27	87
2	B4.jpg	12.039511678813144	1.0	n	27	b	n_27	87
3	B9.jpg	10.883235364912252	0.0	n	27	b	n_27	87
4	C6.jpg	16.186261701708645	0.0	n	27	b	n_27	87
5	C10.jpg	18.44057991686532	0.0	n	27	b	n_27	87
6	D8.jpg	13.087638716558105	0.0	n	27	b	n_27	87
7	E2.jpg	16.603242480556222	0.0	n	27	b	n_27	87
8	E4.jpg	18.77175275812169	0.0	n	27	b	n_27	87
9	E9.jpg	6.66445849383399	0.0	n	27	b	n_27	87
1	A11.jpg	20.32169882348535	0.0	n	28	a	n_28	88
2	B12.jpg	6.158651301848295	0.0	n	28	a	n_28	88
3	C4.jpg	8.544576509786566	0.0	n	28	a	n_28	88
4	C12.jpg	23.27457065031922	0.0	n	28	a	n_28	88
5	D7.jpg	6.732514196843113	0.0	n	28	a	n_28	88
6	D12.jpg	11.682012171153474	0.0	n	28	a	n_28	88
7	E1.jpg	6.965868817678712	0.0	n	28	a	n_28	88
8	E5.jpg	7.161497964585577	0.0	n	28	a	n_28	88
9	E7.jpg	5.89439509328804	0.0	n	28	a	n_28	88
1	A10.jpg	13.86547826770402	0.0	n	28	b	n_28	88
2	B4.jpg	12.955614753533153	0.0	n	28	b	n_28	88
3	B9.jpg	6.71505007290034	0.0	n	28	b	n_28	88
4	C6.jpg	10.60396458062678	0.0	n	28	b	n_28	88
5	C10.jpg	5.788636608609522	0.0	n	28	b	n_28	88
6	D8.jpg	2.830323502454121	1.0	n	28	b	n_28	88
7	E2.jpg	2.297478890122875	0.0	n	28	b	n_28	88
8	E4.jpg	2.6613314196220017	0.0	n	28	b	n_28	88
9	E9.jpg	2.9291807041227003	1.0	n	28	b	n_28	88
1	A11.jpg	36.649813477743	0.0	n	29	a	n_29	89
2	B12.jpg	1.135693625339627	0.0	n	29	a	n_29	89
3	C4.jpg	12.469523892112193	0.0	n	29	a	n_29	89
4	C12.jpg	8.265507524509303	0.0	n	29	a	n_29	89
5	D7.jpg	12.246675786795096	0.0	n	29	a	n_29	89
6	D12.jpg	4.7870765158622826	1.0	n	29	a	n_29	89
7	E1.jpg	1.1162034069166111	0.0	n	29	a	n_29	89
8	E5.jpg	2.405141903607728	0.0	n	29	a	n_29	89
9	E7.jpg	2.7115206163216503	0.0	n	29	a	n_29	89
1	A10.jpg	13.102235511600153	0.0	n	29	b	n_29	89
2	B4.jpg	4.349451455178496	0.0	n	29	b	n_29	89
3	B9.jpg	5.172136581459199	0.0	n	29	b	n_29	89
4	C6.jpg	6.848085462286691	1.0	n	29	b	n_29	89
5	C10.jpg	3.334255746609415	0.0	n	29	b	n_29	89
6	D8.jpg	1.4676238207139252	0.0	n	29	b	n_29	89
7	E2.jpg	5.459732587944019	0.0	n	29	b	n_29	89
8	E4.jpg	1.716460639872821	1.0	n	29	b	n_29	89
9	E9.jpg	3.518182171825174	0.0	n	29	b	n_29	89
1	A11.jpg	19.747268216817247	0.0	n	30	a	n_30	90
2	B12.jpg	7.247539308258637	0.0	n	30	a	n_30	90
3	C4.jpg	11.352363358160801	0.0	n	30	a	n_30	90
4	C12.jpg	10.78831567524503	1.0	n	30	a	n_30	90
5	D7.jpg	5.656931147637807	0.0	n	30	a	n_30	90
6	D12.jpg	8.046776037948803	0.0	n	30	a	n_30	90
7	E1.jpg	3.4793670642939105	0.0	n	30	a	n_30	90
8	E5.jpg	4.651955059604006	0.0	n	30	a	n_30	90
9	E7.jpg	6.574573243720807	0.0	n	30	a	n_30	90
1	A10.jpg	6.490352953762339	0.0	n	30	b	n_30	90
2	B4.jpg	8.30460912180206	0.0	n	30	b	n_30	90
3	B9.jpg	4.955739966171676	0.0	n	30	b	n_30	90
4	C6.jpg	7.126103309747123	0.0	n	30	b	n_30	90
5	C10.jpg	5.241687136973268	0.0	n	30	b	n_30	90
6	D8.jpg	8.568997836942799	0.0	n	30	b	n_30	90
7	E2.jpg	3.569862168844338	0.0	n	30	b	n_30	90
8	E4.jpg	8.480302714722711	0.0	n	30	b	n_30	90
9	E9.jpg	4.649747832279901	0.0	n	30	b	n_30	90
1	A11.jpg	43.65281998790852	0.0	n	32	a	n_32	91
2	B12.jpg	29.083162331651693	0.0	n	32	a	n_32	91
3	C4.jpg	11.301595097194875	0.0	n	32	a	n_32	91
4	C12.jpg	12.300660666209295	0.0	n	32	a	n_32	91
5	D7.jpg	11.069202597280311	0.0	n	32	a	n_32	91
6	D12.jpg	9.760854149344595	0.0	n	32	a	n_32	91
7	E1.jpg	8.913828930242744	1.0	n	32	a	n_32	91
8	E5.jpg	7.6019765687178715	0.0	n	32	a	n_32	91
9	E7.jpg	13.30244483777642	0.0	n	32	a	n_32	91
1	A10.jpg	14.966580517479088	0.0	n	32	b	n_32	91
2	B4.jpg	10.16116057463114	0.0	n	32	b	n_32	91
3	B9.jpg	7.317594695219668	0.0	n	32	b	n_32	91
4	C6.jpg	4.600030715468165	0.0	n	32	b	n_32	91
5	C10.jpg	6.438418728817852	0.0	n	32	b	n_32	91
6	D8.jpg	9.532324585503376	0.0	n	32	b	n_32	91
7	E2.jpg	7.2572250236244145	0.0	n	32	b	n_32	91
8	E4.jpg	6.308586715680576	0.0	n	32	b	n_32	91
9	E9.jpg	6.094670096425034	0.0	n	32	b	n_32	91
1	A11.jpg	25.99722142529208	0.0	n	33	a	n_33	92
2	B12.jpg	15.599086964484739	0.0	n	33	a	n_33	92
3	C4.jpg	8.712872779611644	0.0	n	33	a	n_33	92
4	C12.jpg	5.087127787690407	0.0	n	33	a	n_33	92
5	D7.jpg	2.3150734334740264	0.0	n	33	a	n_33	92
6	D12.jpg	0.4828491797597962	0.0	n	33	a	n_33	92
7	E1.jpg	0.8556514839838201	0.0	n	33	a	n_33	92
8	E5.jpg	7.772643945325399	0.0	n	33	a	n_33	92
9	E7.jpg	8.14338207286346	0.0	n	33	a	n_33	92
1	A10.jpg	6.858575126469077	1.0	n	33	b	n_33	92
2	B4.jpg	19.093032613505784	0.0	n	33	b	n_33	92
3	B9.jpg	1.039758701230312	0.0	n	33	b	n_33	92
4	C6.jpg	6.078751136632492	0.0	n	33	b	n_33	92
5	C10.jpg	4.478420155181085	0.0	n	33	b	n_33	92
6	D8.jpg	5.007510296571128	0.0	n	33	b	n_33	92
7	E2.jpg	3.933236405366188	0.0	n	33	b	n_33	92
8	E4.jpg	6.9471094232467285	0.0	n	33	b	n_33	92
9	E9.jpg	6.456162787115318	1.0	n	33	b	n_33	92
1	A11.jpg	18.516089151038614	0.0	n	34	a	n_34	93
2	B12.jpg	13.270352036539409	0.0	n	34	a	n_34	93
3	C4.jpg	9.64053055905606	0.0	n	34	a	n_34	93
4	C12.jpg	7.723808377624664	0.0	n	34	a	n_34	93
5	D7.jpg	6.717279517240968	0.0	n	34	a	n_34	93
6	D12.jpg	5.7590918595087714	0.0	n	34	a	n_34	93
7	E1.jpg	10.514407904651307	0.0	n	34	a	n_34	93
8	E5.jpg	5.822742980421027	0.0	n	34	a	n_34	93
9	E7.jpg	6.836977046874381	0.0	n	34	a	n_34	93
1	A10.jpg	5.0002605546942505	0.0	n	34	b	n_34	93
2	B4.jpg	3.900146769690764	0.0	n	34	b	n_34	93
3	B9.jpg	2.95795506302602	0.0	n	34	b	n_34	93
4	C6.jpg	2.7739390196657046	0.0	n	34	b	n_34	93
5	C10.jpg	2.9255056706097093	0.0	n	34	b	n_34	93
6	D8.jpg	2.112253688690544	0.0	n	34	b	n_34	93
7	E2.jpg	7.882176194943894	0.0	n	34	b	n_34	93
8	E4.jpg	3.780335374005517	1.0	n	34	b	n_34	93
9	E9.jpg	3.6373670279572248	1.0	n	34	b	n_34	93
1	A11.jpg	18.907934980987196	0.0	n	35	a	n_35	94
2	B12.jpg	10.147126303572804	0.0	n	35	a	n_35	94
3	C4.jpg	10.866209288153186	0.0	n	35	a	n_35	94
4	C12.jpg	3.3971688510400786	0.0	n	35	a	n_35	94
5	D7.jpg	1.9946771093009372	0.0	n	35	a	n_35	94
6	D12.jpg	2.338486169236603	0.0	n	35	a	n_35	94
7	E1.jpg	3.049210805273105	0.0	n	35	a	n_35	94
8	E5.jpg	1.5517202953851663	1.0	n	35	a	n_35	94
9	E7.jpg	2.433165223565084	0.0	n	35	a	n_35	94
1	A10.jpg	10.465882199436237	0.0	n	35	b	n_35	94
2	B4.jpg	3.756418589272471	1.0	n	35	b	n_35	94
3	B9.jpg	3.7910850495491104	0.0	n	35	b	n_35	94
4	C6.jpg	2.9553336693907117	0.0	n	35	b	n_35	94
5	C10.jpg	1.8019840896786263	0.0	n	35	b	n_35	94
6	D8.jpg	1.7062526946729122	0.0	n	35	b	n_35	94
7	E2.jpg	1.0669567458407982	0.0	n	35	b	n_35	94
8	E4.jpg	1.7057798099713182	0.0	n	35	b	n_35	94
9	E9.jpg	1.5649156830777429	0.0	n	35	b	n_35	94
1	A11.jpg	57.77935694163897	0.0	n	36	a	n_36	95
2	B12.jpg	18.174278476006293	0.0	n	36	a	n_36	95
3	C4.jpg	21.366943535864266	0.0	n	36	a	n_36	95
4	C12.jpg	24.98361760444095	0.0	n	36	a	n_36	95
5	D7.jpg	18.429806404974446	0.0	n	36	a	n_36	95
6	D12.jpg	22.412537401249214	0.0	n	36	a	n_36	95
7	E1.jpg	9.675633106306122	0.0	n	36	a	n_36	95
8	E5.jpg	12.137291760540393	0.0	n	36	a	n_36	95
9	E7.jpg	9.093646974348305	0.0	n	36	a	n_36	95
1	A10.jpg	11.917734270404253	1.0	n	36	b	n_36	95
2	B4.jpg	6.293025619246691	1.0	n	36	b	n_36	95
3	B9.jpg	13.690829440576634	0.0	n	36	b	n_36	95
4	C6.jpg	8.43518359434529	0.0	n	36	b	n_36	95
5	C10.jpg	4.327192855917018	0.0	n	36	b	n_36	95
6	D8.jpg	7.274763030871327	0.0	n	36	b	n_36	95
7	E2.jpg	6.6616507930848465	0.0	n	36	b	n_36	95
8	E4.jpg	8.502075505950415	0.0	n	36	b	n_36	95
9	E9.jpg	3.9885867433440585	0.0	n	36	b	n_36	95
1	A11.jpg	21.00252123212067	0.0	y	31	a	y_31	96
2	B12.jpg	21.25412334100838	0.0	y	31	a	y_31	96
3	C4.jpg	8.366799562856611	0.0	y	31	a	y_31	96
4	C12.jpg	3.436535416991319	1.0	y	31	a	y_31	96
5	D7.jpg	7.353966483253317	0.0	y	31	a	y_31	96
6	D12.jpg	5.985073592666595	0.0	y	31	a	y_31	96
7	E1.jpg	10.099093904347683	0.0	y	31	a	y_31	96
8	E5.jpg	4.313384452239916	0.0	y	31	a	y_31	96
9	E7.jpg	2.068038013794649	0.0	y	31	a	y_31	96
1	A10.jpg	36.08198542774881	0.0	y	31	b	y_31	96
2	B4.jpg	10.920045092045255	1.0	y	31	b	y_31	96
3	B9.jpg	14.824078617706618	0.0	y	31	b	y_31	96
4	C6.jpg	17.754180273364913	0.0	y	31	b	y_31	96
5	C10.jpg	8.578740688722974	0.0	y	31	b	y_31	96
6	D8.jpg	17.06065504219987	1.0	y	31	b	y_31	96
7	E2.jpg	6.489588267639192	0.0	y	31	b	y_31	96
8	E4.jpg	4.32779826577098	1.0	y	31	b	y_31	96
9	E9.jpg	1.6610997223888262	0.0	y	31	b	y_31	96
1	A11.jpg	61.25920548564682	0.0	y	32	a	y_32	97
2	B12.jpg	33.44624126051167	1.0	y	32	a	y_32	97
3	C4.jpg	9.289464961410888	1.0	y	32	a	y_32	97
4	C12.jpg	12.001179582644	0.0	y	32	a	y_32	97
5	D7.jpg	11.231872882241989	0.0	y	32	a	y_32	97
6	D12.jpg	9.232994924269407	0.0	y	32	a	y_32	97
7	E1.jpg	5.8424205635574245	0.0	y	32	a	y_32	97
8	E5.jpg	5.91808404333824	0.0	y	32	a	y_32	97
9	E7.jpg	6.1312011158015585	0.0	y	32	a	y_32	97
1	A10.jpg	8.937898276293707	0.0	y	32	b	y_32	97
2	B4.jpg	5.673211439074294	0.0	y	32	b	y_32	97
3	B9.jpg	8.31372603048385	0.0	y	32	b	y_32	97
4	C6.jpg	7.955892685939034	0.0	y	32	b	y_32	97
5	C10.jpg	7.755129421813762	1.0	y	32	b	y_32	97
6	D8.jpg	4.053294362397537	0.0	y	32	b	y_32	97
7	E2.jpg	4.867291482124529	1.0	y	32	b	y_32	97
8	E4.jpg	5.046342483371519	0.0	y	32	b	y_32	97
9	E9.jpg	2.7261366500497393	0.0	y	32	b	y_32	97
